hamming_distance,pairs,fraction,cumulative_pairs
0,2344,0.0011867885724006848,2344
1,3512,0.001778157622129354,5856
2,16605,0.008407262903034715,22461
3,24790,0.012551403033196663,47251
4,78181,0.03958375314797694,125432
5,88817,0.04496885692615684,214249
6,201706,0.10212558693884495,415955
7,162410,0.08222966384112425,578365
8,293360,0.14853084283253623,871725
9,145263,0.07354798139617777,1016988
10,247811,0.1254689688204719,1264799
11,123029,0.06229070446838049,1387828
12,194083,0.09826599253295312,1581911
13,89175,0.045150115590371624,1671086
14,128735,0.06517970429522277,1799821
15,52145,0.026401488953853976,1851966
16,65799,0.033314633649911544,1917765
17,19303,0.009773284903178508,1937068
18,21998,0.011137787975968544,1959066
19,5900,0.0029872237957184475,1964966
20,5828,0.002950769539228324,1970794
21,1736,0.0008789526287063094,1972530
22,1678,0.0008495866998670433,1974208
23,429,0.00021720661158698544,1974637
24,319,0.00016151260861596353,1974956
25,80,4.050472943347048e-05,1975036
26,33,1.670820089130657e-05,1975069
27,6,3.0378547075102856e-06,1975075
28,3,1.5189273537551428e-06,1975078
29,0,0.0,1975078
30,0,0.0,1975078
31,0,0.0,1975078
32,0,0.0,1975078
33,0,0.0,1975078
34,0,0.0,1975078
35,0,0.0,1975078
36,0,0.0,1975078
37,0,0.0,1975078
38,0,0.0,1975078
39,0,0.0,1975078
40,0,0.0,1975078
41,0,0.0,1975078
42,0,0.0,1975078
43,0,0.0,1975078
44,0,0.0,1975078
45,0,0.0,1975078
46,0,0.0,1975078
47,0,0.0,1975078
48,0,0.0,1975078
49,0,0.0,1975078
50,0,0.0,1975078
51,0,0.0,1975078
52,0,0.0,1975078
53,0,0.0,1975078
54,0,0.0,1975078
55,0,0.0,1975078
56,0,0.0,1975078
57,0,0.0,1975078
58,0,0.0,1975078
59,0,0.0,1975078
60,0,0.0,1975078
61,0,0.0,1975078
62,0,0.0,1975078
63,0,0.0,1975078
64,0,0.0,1975078
