entity,class_name,subject_id,session,scan,n_images,imgs_involved_le2,within_pairs_le2,cross_pairs_le2,imgs_involved_le4,within_pairs_le4,cross_pairs_le4,imgs_involved_le6,within_pairs_le6,cross_pairs_le6,imgs_involved_le8,within_pairs_le8,cross_pairs_le8,imgs_involved_le10,within_pairs_le10,cross_pairs_le10
OAS1_0001|MR1|mpr-3,Non Demented,OAS1_0001,MR1,mpr-3,1,1,0,42,1,0,280,1,0,741,1,0,1410,1,0,1678
OAS1_0001|MR1|mpr-4,Non Demented,OAS1_0001,MR1,mpr-4,1,0,0,0,1,0,20,1,0,152,1,0,538,1,0,1059
OAS1_0002|MR1|mpr-1,Non Demented,OAS1_0002,MR1,mpr-1,1,1,0,17,1,0,167,1,0,703,1,0,1331,1,0,1611
OAS1_0002|MR1|mpr-2,Non Demented,OAS1_0002,MR1,mpr-2,1,1,0,9,1,0,102,1,0,612,1,0,1264,1,0,1589
OAS1_0004|MR1|mpr-1,Non Demented,OAS1_0004,MR1,mpr-1,1,1,0,118,1,0,357,1,0,813,1,0,1342,1,0,1599
OAS1_0004|MR1|mpr-2,Non Demented,OAS1_0004,MR1,mpr-2,1,1,0,57,1,0,347,1,0,802,1,0,1326,1,0,1597
OAS1_0005|MR1|mpr-3,Non Demented,OAS1_0005,MR1,mpr-3,1,1,0,37,1,0,317,1,0,815,1,0,1313,1,0,1631
OAS1_0005|MR1|mpr-4,Non Demented,OAS1_0005,MR1,mpr-4,1,1,0,68,1,0,345,1,0,862,1,0,1346,1,0,1618
OAS1_0006|MR1|mpr-2,Non Demented,OAS1_0006,MR1,mpr-2,1,1,0,15,1,0,214,1,0,783,1,0,1376,1,0,1642
OAS1_0006|MR1|mpr-4,Non Demented,OAS1_0006,MR1,mpr-4,1,1,0,8,1,0,130,1,0,612,1,0,1282,1,0,1564
OAS1_0007|MR1|mpr-1,Non Demented,OAS1_0007,MR1,mpr-1,1,1,0,89,1,0,399,1,0,905,1,0,1376,1,0,1655
OAS1_0007|MR1|mpr-2,Non Demented,OAS1_0007,MR1,mpr-2,1,1,0,109,1,0,358,1,0,804,1,0,1283,1,0,1607
OAS1_0009|MR1|mpr-3,Non Demented,OAS1_0009,MR1,mpr-3,1,1,0,4,1,0,26,1,0,263,1,0,899,1,0,1460
OAS1_0009|MR1|mpr-4,Non Demented,OAS1_0009,MR1,mpr-4,1,1,0,23,1,0,231,1,0,826,1,0,1382,1,0,1653
OAS1_0010|MR1|mpr-1,Non Demented,OAS1_0010,MR1,mpr-1,1,1,0,6,1,0,43,1,0,233,1,0,751,1,0,1415
OAS1_0010|MR1|mpr-3,Non Demented,OAS1_0010,MR1,mpr-3,1,0,0,0,1,0,21,1,0,200,1,0,544,1,0,1327
OAS1_0011|MR1|mpr-2,Non Demented,OAS1_0011,MR1,mpr-2,1,1,0,129,1,0,344,1,0,687,1,0,1216,1,0,1526
OAS1_0011|MR1|mpr-4,Non Demented,OAS1_0011,MR1,mpr-4,1,1,0,129,1,0,344,1,0,687,1,0,1216,1,0,1526
OAS1_0012|MR1|mpr-1,Non Demented,OAS1_0012,MR1,mpr-1,1,1,0,27,1,0,180,1,0,656,1,0,1352,1,0,1637
OAS1_0012|MR1|mpr-3,Non Demented,OAS1_0012,MR1,mpr-3,1,1,0,32,1,0,74,1,0,298,1,0,823,1,0,1541
OAS1_0013|MR1|mpr-1,Non Demented,OAS1_0013,MR1,mpr-1,1,0,0,0,1,0,2,1,0,57,1,0,279,1,0,724
OAS1_0013|MR1|mpr-2,Non Demented,OAS1_0013,MR1,mpr-2,1,1,0,16,1,0,159,1,0,390,1,0,708,1,0,1252
OAS1_0014|MR1|mpr-3,Non Demented,OAS1_0014,MR1,mpr-3,1,1,0,129,1,0,344,1,0,687,1,0,1216,1,0,1526
OAS1_0014|MR1|mpr-4,Non Demented,OAS1_0014,MR1,mpr-4,1,1,0,129,1,0,344,1,0,687,1,0,1216,1,0,1526
OAS1_0017|MR1|mpr-1,Non Demented,OAS1_0017,MR1,mpr-1,1,1,0,2,1,0,7,1,0,38,1,0,194,1,0,572
OAS1_0017|MR1|mpr-3,Non Demented,OAS1_0017,MR1,mpr-3,1,0,0,0,1,0,7,1,0,46,1,0,205,1,0,528
OAS1_0018|MR1|mpr-2,Non Demented,OAS1_0018,MR1,mpr-2,1,1,0,11,1,0,166,1,0,579,1,0,1145,1,0,1552
OAS1_0018|MR1|mpr-4,Non Demented,OAS1_0018,MR1,mpr-4,1,0,0,0,1,0,35,1,0,102,1,0,293,1,0,709
OAS1_0019|MR1|mpr-1,Non Demented,OAS1_0019,MR1,mpr-1,1,1,0,5,1,0,51,1,0,192,1,0,500,1,0,1026
OAS1_0019|MR1|mpr-2,Non Demented,OAS1_0019,MR1,mpr-2,1,1,0,1,1,0,23,1,0,203,1,0,580,1,0,1365
OAS1_0020|MR1|mpr-3,Non Demented,OAS1_0020,MR1,mpr-3,1,1,0,6,1,0,74,1,0,319,1,0,783,1,0,1330
OAS1_0025|MR1|mpr-2,Non Demented,OAS1_0025,MR1,mpr-2,1,1,0,11,1,0,122,1,0,394,1,0,921,1,0,1489
OAS1_0025|MR1|mpr-4,Non Demented,OAS1_0025,MR1,mpr-4,1,1,0,15,1,0,129,1,0,394,1,0,891,1,0,1453
OAS1_0026|MR1|mpr-1,Non Demented,OAS1_0026,MR1,mpr-1,1,1,0,36,1,0,324,1,0,868,1,0,1389,1,0,1656
OAS1_0026|MR1|mpr-3,Non Demented,OAS1_0026,MR1,mpr-3,1,1,0,36,1,0,324,1,0,868,1,0,1389,1,0,1656
OAS1_0027|MR1|mpr-3,Non Demented,OAS1_0027,MR1,mpr-3,1,1,0,1,1,0,14,1,0,87,1,0,372,1,0,777
OAS1_0027|MR1|mpr-4,Non Demented,OAS1_0027,MR1,mpr-4,1,1,0,6,1,0,49,1,0,291,1,0,719,1,0,1448
OAS1_0029|MR1|mpr-2,Non Demented,OAS1_0029,MR1,mpr-2,1,1,0,3,1,0,83,1,0,454,1,0,1119,1,0,1574
OAS1_0029|MR1|mpr-3,Non Demented,OAS1_0029,MR1,mpr-3,1,1,0,3,1,0,83,1,0,454,1,0,1119,1,0,1574
OAS1_0030|MR1|mpr-1,Non Demented,OAS1_0030,MR1,mpr-1,1,1,0,16,1,0,204,1,0,735,1,0,1399,1,0,1670
OAS1_0030|MR1|mpr-4,Non Demented,OAS1_0030,MR1,mpr-4,1,1,0,77,1,0,449,1,0,1247,1,0,1554,1,0,1788
OAS1_0032|MR1|mpr-4,Non Demented,OAS1_0032,MR1,mpr-4,1,1,0,29,1,0,207,1,0,776,1,0,1340,1,0,1620
OAS1_0033|MR1|mpr-1,Non Demented,OAS1_0033,MR1,mpr-1,1,1,0,56,1,0,267,1,0,790,1,0,1236,1,0,1575
OAS1_0033|MR1|mpr-2,Non Demented,OAS1_0033,MR1,mpr-2,1,1,0,18,1,0,276,1,0,891,1,0,1330,1,0,1647
OAS1_0034|MR1|mpr-1,Non Demented,OAS1_0034,MR1,mpr-1,1,1,0,109,1,0,358,1,0,804,1,0,1283,1,0,1607
OAS1_0034|MR1|mpr-2,Non Demented,OAS1_0034,MR1,mpr-2,1,1,0,76,1,0,294,1,0,728,1,0,1210,1,0,1555
OAS1_0037|MR1|mpr-3,Non Demented,OAS1_0037,MR1,mpr-3,1,1,0,5,1,0,72,1,0,322,1,0,918,1,0,1488
OAS1_0037|MR1|mpr-4,Non Demented,OAS1_0037,MR1,mpr-4,1,0,0,0,1,0,8,1,0,66,1,0,316,1,0,948
OAS1_0038|MR1|mpr-1,Non Demented,OAS1_0038,MR1,mpr-1,1,1,0,10,1,0,59,1,0,253,1,0,639,1,0,1180
OAS1_0038|MR1|mpr-3,Non Demented,OAS1_0038,MR1,mpr-3,1,0,0,0,1,0,60,1,0,412,1,0,916,1,0,1429
OAS1_0040|MR1|mpr-2,Non Demented,OAS1_0040,MR1,mpr-2,1,1,0,76,1,0,294,1,0,728,1,0,1210,1,0,1555
OAS1_0040|MR1|mpr-4,Non Demented,OAS1_0040,MR1,mpr-4,1,1,0,60,1,0,221,1,0,658,1,0,1220,1,0,1548
OAS1_0043|MR1|mpr-1,Non Demented,OAS1_0043,MR1,mpr-1,1,1,0,89,1,0,408,1,0,953,1,0,1406,1,0,1662
OAS1_0043|MR1|mpr-2,Non Demented,OAS1_0043,MR1,mpr-2,1,1,0,3,1,0,14,1,0,119,1,0,433,1,0,984
OAS1_0044|MR1|mpr-3,Non Demented,OAS1_0044,MR1,mpr-3,1,1,0,63,1,0,368,1,0,883,1,0,1363,1,0,1632
OAS1_0044|MR1|mpr-4,Non Demented,OAS1_0044,MR1,mpr-4,1,1,0,63,1,0,368,1,0,883,1,0,1363,1,0,1632
OAS1_0045|MR1|mpr-1,Non Demented,OAS1_0045,MR1,mpr-1,1,1,0,17,1,0,168,1,0,680,1,0,1362,1,0,1671
OAS1_0045|MR1|mpr-3,Non Demented,OAS1_0045,MR1,mpr-3,1,1,0,17,1,0,168,1,0,680,1,0,1362,1,0,1671
OAS1_0047|MR1|mpr-2,Non Demented,OAS1_0047,MR1,mpr-2,1,0,0,0,1,0,23,1,0,150,1,0,592,1,0,1393
OAS1_0047|MR1|mpr-4,Non Demented,OAS1_0047,MR1,mpr-4,1,1,0,103,1,0,359,1,0,787,1,0,1266,1,0,1574
OAS1_0049|MR1|mpr-2,Non Demented,OAS1_0049,MR1,mpr-2,1,1,0,37,1,0,246,1,0,616,1,0,1348,1,0,1606
OAS1_0049|MR1|mpr-4,Non Demented,OAS1_0049,MR1,mpr-4,1,1,0,44,1,0,297,1,0,803,1,0,1375,1,0,1631
OAS1_0050|MR1|mpr-1,Non Demented,OAS1_0050,MR1,mpr-1,1,1,0,10,1,0,73,1,0,282,1,0,677,1,0,1259
OAS1_0050|MR1|mpr-3,Non Demented,OAS1_0050,MR1,mpr-3,1,1,0,10,1,0,73,1,0,282,1,0,677,1,0,1259
OAS1_0051|MR1|mpr-1,Non Demented,OAS1_0051,MR1,mpr-1,1,1,0,1,1,0,1,1,0,24,1,0,160,1,0,493
OAS1_0051|MR1|mpr-2,Non Demented,OAS1_0051,MR1,mpr-2,1,1,0,1,1,0,9,1,0,57,1,0,293,1,0,799
OAS1_0054|MR1|mpr-3,Non Demented,OAS1_0054,MR1,mpr-3,1,1,0,11,1,0,93,1,0,389,1,0,868,1,0,1490
OAS1_0054|MR1|mpr-4,Non Demented,OAS1_0054,MR1,mpr-4,1,1,0,1,1,0,49,1,0,323,1,0,924,1,0,1499
OAS1_0055|MR1|mpr-2,Non Demented,OAS1_0055,MR1,mpr-2,1,1,0,9,1,0,44,1,0,135,1,0,303,1,0,686
OAS1_0055|MR1|mpr-3,Non Demented,OAS1_0055,MR1,mpr-3,1,1,0,3,1,0,28,1,0,78,1,0,283,1,0,651
OAS1_0057|MR1|mpr-1,Non Demented,OAS1_0057,MR1,mpr-1,1,1,0,16,1,0,93,1,0,289,1,0,669,1,0,1102
OAS1_0058|MR1|mpr-2,Non Demented,OAS1_0058,MR1,mpr-2,1,1,0,118,1,0,357,1,0,813,1,0,1342,1,0,1599
OAS1_0058|MR1|mpr-4,Non Demented,OAS1_0058,MR1,mpr-4,1,1,0,129,1,0,344,1,0,687,1,0,1216,1,0,1526
OAS1_0059|MR1|mpr-3,Non Demented,OAS1_0059,MR1,mpr-3,1,1,0,23,1,0,231,1,0,826,1,0,1382,1,0,1653
OAS1_0059|MR1|mpr-4,Non Demented,OAS1_0059,MR1,mpr-4,1,1,0,23,1,0,231,1,0,826,1,0,1382,1,0,1653
OAS1_0061|MR2|mpr-1,Non Demented,OAS1_0061,MR2,mpr-1,1,1,0,1,1,0,1,1,0,28,1,0,111,1,0,363
OAS1_0061|MR2|mpr-2,Non Demented,OAS1_0061,MR2,mpr-2,1,1,0,1,1,0,1,1,0,28,1,0,111,1,0,363
OAS1_0062|MR1|mpr-1,Non Demented,OAS1_0062,MR1,mpr-1,1,1,0,110,1,0,367,1,0,760,1,0,1297,1,0,1590
OAS1_0063|MR1|mpr-1,Non Demented,OAS1_0063,MR1,mpr-1,1,1,0,3,1,0,28,1,0,172,1,0,484,1,0,1124
OAS1_0063|MR1|mpr-3,Non Demented,OAS1_0063,MR1,mpr-3,1,1,0,4,1,0,22,1,0,175,1,0,642,1,0,1252
OAS1_0064|MR1|mpr-2,Non Demented,OAS1_0064,MR1,mpr-2,1,1,0,2,1,0,93,1,0,348,1,0,851,1,0,1542
OAS1_0064|MR1|mpr-4,Non Demented,OAS1_0064,MR1,mpr-4,1,0,0,0,1,0,21,1,0,166,1,0,570,1,0,1168
OAS1_0065|MR1|mpr-1,Non Demented,OAS1_0065,MR1,mpr-1,1,1,0,34,1,0,211,1,0,671,1,0,1398,1,0,1706
OAS1_0065|MR1|mpr-2,Non Demented,OAS1_0065,MR1,mpr-2,1,1,0,30,1,0,206,1,0,688,1,0,1393,1,0,1723
OAS1_0068|MR1|mpr-3,Non Demented,OAS1_0068,MR1,mpr-3,1,1,0,1,1,0,12,1,0,45,1,0,178,1,0,465
OAS1_0068|MR1|mpr-4,Non Demented,OAS1_0068,MR1,mpr-4,1,1,0,6,1,0,52,1,0,234,1,0,560,1,0,1181
OAS1_0069|MR1|mpr-1,Non Demented,OAS1_0069,MR1,mpr-1,1,0,0,0,1,0,1,1,0,26,1,0,202,1,0,674
OAS1_0069|MR1|mpr-2,Non Demented,OAS1_0069,MR1,mpr-2,1,0,0,0,0,0,0,1,0,4,1,0,52,1,0,178
OAS1_0070|MR1|mpr-3,Non Demented,OAS1_0070,MR1,mpr-3,1,1,0,93,1,0,326,1,0,719,1,0,1259,1,0,1564
OAS1_0071|MR1|mpr-1,Non Demented,OAS1_0071,MR1,mpr-1,1,1,0,129,1,0,344,1,0,687,1,0,1216,1,0,1526
OAS1_0071|MR1|mpr-4,Non Demented,OAS1_0071,MR1,mpr-4,1,1,0,129,1,0,344,1,0,687,1,0,1216,1,0,1526
OAS1_0072|MR1|mpr-3,Non Demented,OAS1_0072,MR1,mpr-3,1,1,0,108,1,0,366,1,0,754,1,0,1263,1,0,1566
OAS1_0072|MR1|mpr-4,Non Demented,OAS1_0072,MR1,mpr-4,1,1,0,129,1,0,344,1,0,687,1,0,1216,1,0,1526
OAS1_0074|MR1|mpr-2,Non Demented,OAS1_0074,MR1,mpr-2,1,1,0,49,1,0,184,1,0,564,1,0,1312,1,0,1623
OAS1_0074|MR1|mpr-4,Non Demented,OAS1_0074,MR1,mpr-4,1,1,0,61,1,0,449,1,0,1205,1,0,1545,1,0,1784
OAS1_0075|MR1|mpr-1,Non Demented,OAS1_0075,MR1,mpr-1,1,0,0,0,1,0,10,1,0,91,1,0,543,1,0,1323
OAS1_0075|MR1|mpr-2,Non Demented,OAS1_0075,MR1,mpr-2,1,1,0,34,1,0,227,1,0,783,1,0,1350,1,0,1667
OAS1_0076|MR1|mpr-1,Non Demented,OAS1_0076,MR1,mpr-1,1,1,0,64,1,0,303,1,0,844,1,0,1357,1,0,1635
OAS1_0076|MR1|mpr-3,Non Demented,OAS1_0076,MR1,mpr-3,1,1,0,34,1,0,185,1,0,540,1,0,1004,1,0,1467
OAS1_0077|MR1|mpr-2,Non Demented,OAS1_0077,MR1,mpr-2,1,1,0,109,1,0,361,1,0,836,1,0,1357,1,0,1600
OAS1_0077|MR1|mpr-4,Non Demented,OAS1_0077,MR1,mpr-4,1,1,0,109,1,0,361,1,0,836,1,0,1357,1,0,1600
OAS1_0078|MR1|mpr-2,Non Demented,OAS1_0078,MR1,mpr-2,1,0,0,0,1,0,2,1,0,7,1,0,45,1,0,210
OAS1_0078|MR1|mpr-3,Non Demented,OAS1_0078,MR1,mpr-3,1,0,0,0,1,0,3,1,0,25,1,0,181,1,0,625
OAS1_0079|MR1|mpr-3,Non Demented,OAS1_0079,MR1,mpr-3,1,1,0,13,1,0,170,1,0,535,1,0,1305,1,0,1589
OAS1_0080|MR2|mpr-3,Non Demented,OAS1_0080,MR2,mpr-3,1,1,0,31,1,0,204,1,0,534,1,0,954,1,0,1438
OAS1_0080|MR2|mpr-4,Non Demented,OAS1_0080,MR2,mpr-4,1,1,0,31,1,0,204,1,0,534,1,0,954,1,0,1438
OAS1_0081|MR1|mpr-1,Non Demented,OAS1_0081,MR1,mpr-1,1,1,0,37,1,0,246,1,0,616,1,0,1348,1,0,1606
OAS1_0083|MR1|mpr-3,Non Demented,OAS1_0083,MR1,mpr-3,1,1,0,39,1,0,321,1,0,763,1,0,1290,1,0,1577
OAS1_0083|MR1|mpr-4,Non Demented,OAS1_0083,MR1,mpr-4,1,1,0,89,1,0,408,1,0,953,1,0,1406,1,0,1662
OAS1_0085|MR1|mpr-1,Non Demented,OAS1_0085,MR1,mpr-1,1,1,0,5,1,0,186,1,0,720,1,0,1378,1,0,1705
OAS1_0085|MR1|mpr-2,Non Demented,OAS1_0085,MR1,mpr-2,1,1,0,1,1,0,8,1,0,47,1,0,163,1,0,444
OAS1_0086|MR1|mpr-2,Non Demented,OAS1_0086,MR1,mpr-2,1,1,0,40,1,0,317,1,0,747,1,0,1288,1,0,1572
OAS1_0086|MR1|mpr-4,Non Demented,OAS1_0086,MR1,mpr-4,1,1,0,40,1,0,317,1,0,747,1,0,1288,1,0,1572
OAS1_0087|MR1|mpr-1,Non Demented,OAS1_0087,MR1,mpr-1,1,1,0,129,1,0,344,1,0,687,1,0,1216,1,0,1526
OAS1_0087|MR1|mpr-4,Non Demented,OAS1_0087,MR1,mpr-4,1,1,0,109,1,0,358,1,0,804,1,0,1283,1,0,1607
OAS1_0088|MR1|mpr-2,Non Demented,OAS1_0088,MR1,mpr-2,1,1,0,18,1,0,164,1,0,629,1,0,1328,1,0,1643
OAS1_0088|MR1|mpr-3,Non Demented,OAS1_0088,MR1,mpr-3,1,1,0,6,1,0,73,1,0,352,1,0,918,1,0,1460
OAS1_0090|MR1|mpr-3,Non Demented,OAS1_0090,MR1,mpr-3,1,1,0,11,1,0,49,1,0,151,1,0,381,1,0,752
OAS1_0090|MR1|mpr-4,Non Demented,OAS1_0090,MR1,mpr-4,1,1,0,4,1,0,40,1,0,185,1,0,523,1,0,997
OAS1_0091|MR1|mpr-1,Non Demented,OAS1_0091,MR1,mpr-1,1,1,0,70,1,0,348,1,0,805,1,0,1272,1,0,1585
OAS1_0091|MR1|mpr-2,Non Demented,OAS1_0091,MR1,mpr-2,1,1,0,70,1,0,348,1,0,805,1,0,1272,1,0,1585
OAS1_0092|MR2|mpr-1,Non Demented,OAS1_0092,MR2,mpr-1,1,0,0,0,0,0,0,1,0,5,1,0,57,1,0,272
OAS1_0092|MR2|mpr-4,Non Demented,OAS1_0092,MR2,mpr-4,1,0,0,0,1,0,25,1,0,210,1,0,568,1,0,1113
OAS1_0095|MR1|mpr-1,Non Demented,OAS1_0095,MR1,mpr-1,1,1,0,70,1,0,308,1,0,621,1,0,1189,1,0,1513
OAS1_0095|MR1|mpr-4,Non Demented,OAS1_0095,MR1,mpr-4,1,1,0,129,1,0,344,1,0,687,1,0,1216,1,0,1526
OAS1_0096|MR1|mpr-2,Non Demented,OAS1_0096,MR1,mpr-2,1,1,0,48,1,0,159,1,0,403,1,0,734,1,0,1259
OAS1_0096|MR1|mpr-3,Non Demented,OAS1_0096,MR1,mpr-3,1,1,0,52,1,0,216,1,0,542,1,0,1133,1,0,1472
OAS1_0097|MR1|mpr-3,Non Demented,OAS1_0097,MR1,mpr-3,1,1,0,53,1,0,329,1,0,917,1,0,1383,1,0,1685
OAS1_0097|MR1|mpr-4,Non Demented,OAS1_0097,MR1,mpr-4,1,1,0,29,1,0,237,1,0,741,1,0,1305,1,0,1617
OAS1_0099|MR1|mpr-1,Non Demented,OAS1_0099,MR1,mpr-1,1,1,0,78,1,0,390,1,0,857,1,0,1344,1,0,1629
OAS1_0099|MR1|mpr-4,Non Demented,OAS1_0099,MR1,mpr-4,1,1,0,110,1,0,367,1,0,760,1,0,1297,1,0,1590
OAS1_0101|MR2|mpr-2,Non Demented,OAS1_0101,MR2,mpr-2,1,1,0,110,1,0,367,1,0,760,1,0,1297,1,0,1590
OAS1_0101|MR2|mpr-3,Non Demented,OAS1_0101,MR2,mpr-3,1,1,0,25,1,0,216,1,0,799,1,0,1323,1,0,1643
OAS1_0102|MR1|mpr-2,Non Demented,OAS1_0102,MR1,mpr-2,1,1,0,7,1,0,53,1,0,117,1,0,302,1,0,603
OAS1_0102|MR1|mpr-3,Non Demented,OAS1_0102,MR1,mpr-3,1,1,0,15,1,0,52,1,0,170,1,0,391,1,0,799
OAS1_0103|MR1|mpr-1,Non Demented,OAS1_0103,MR1,mpr-1,1,1,0,4,1,0,34,1,0,115,1,0,349,1,0,781
OAS1_0103|MR1|mpr-3,Non Demented,OAS1_0103,MR1,mpr-3,1,1,0,2,1,0,25,1,0,93,1,0,326,1,0,770
OAS1_0104|MR1|mpr-1,Non Demented,OAS1_0104,MR1,mpr-1,1,1,0,108,1,0,366,1,0,754,1,0,1263,1,0,1566
OAS1_0104|MR1|mpr-2,Non Demented,OAS1_0104,MR1,mpr-2,1,1,0,89,1,0,399,1,0,905,1,0,1376,1,0,1655
OAS1_0105|MR1|mpr-4,Non Demented,OAS1_0105,MR1,mpr-4,1,1,0,34,1,0,305,1,0,904,1,0,1414,1,0,1673
OAS1_0106|MR1|mpr-3,Non Demented,OAS1_0106,MR1,mpr-3,1,1,0,37,1,0,246,1,0,616,1,0,1348,1,0,1606
OAS1_0106|MR1|mpr-4,Non Demented,OAS1_0106,MR1,mpr-4,1,0,0,0,1,0,2,1,0,38,1,0,90,1,0,266
OAS1_0107|MR1|mpr-1,Non Demented,OAS1_0107,MR1,mpr-1,1,0,0,0,1,0,3,1,0,22,1,0,101,1,0,333
OAS1_0107|MR1|mpr-2,Non Demented,OAS1_0107,MR1,mpr-2,1,1,0,5,1,0,19,1,0,100,1,0,292,1,0,643
OAS1_0108|MR1|mpr-1,Non Demented,OAS1_0108,MR1,mpr-1,1,1,0,46,1,0,170,1,0,454,1,0,918,1,0,1359
OAS1_0108|MR1|mpr-3,Non Demented,OAS1_0108,MR1,mpr-3,1,1,0,73,1,0,397,1,0,887,1,0,1337,1,0,1638
OAS1_0109|MR1|mpr-4,Non Demented,OAS1_0109,MR1,mpr-4,1,1,0,21,1,0,247,1,0,873,1,0,1414,1,0,1670
OAS1_0110|MR1|mpr-1,Non Demented,OAS1_0110,MR1,mpr-1,1,1,0,2,1,0,87,1,0,338,1,0,1087,1,0,1415
OAS1_0110|MR1|mpr-2,Non Demented,OAS1_0110,MR1,mpr-2,1,1,0,3,1,0,63,1,0,388,1,0,1189,1,0,1507
OAS1_0111|MR2|mpr-1,Non Demented,OAS1_0111,MR2,mpr-1,1,1,0,98,1,0,365,1,0,826,1,0,1293,1,0,1609
OAS1_0111|MR2|mpr-3,Non Demented,OAS1_0111,MR2,mpr-3,1,1,0,98,1,0,365,1,0,826,1,0,1293,1,0,1609
OAS1_0112|MR1|mpr-4,Non Demented,OAS1_0112,MR1,mpr-4,1,1,0,36,1,0,324,1,0,868,1,0,1389,1,0,1656
OAS1_0113|MR1|mpr-2,Non Demented,OAS1_0113,MR1,mpr-2,1,1,0,3,1,0,72,1,0,432,1,0,1094,1,0,1688
OAS1_0113|MR1|mpr-3,Non Demented,OAS1_0113,MR1,mpr-3,1,1,0,11,1,0,112,1,0,463,1,0,1045,1,0,1687
OAS1_0114|MR1|mpr-3,Non Demented,OAS1_0114,MR1,mpr-3,1,1,0,3,1,0,23,1,0,246,1,0,753,1,0,1342
OAS1_0114|MR1|mpr-4,Non Demented,OAS1_0114,MR1,mpr-4,1,0,0,0,1,0,15,1,0,156,1,0,753,1,0,1422
OAS1_0116|MR1|mpr-1,Non Demented,OAS1_0116,MR1,mpr-1,1,1,0,34,1,0,227,1,0,783,1,0,1350,1,0,1667
OAS1_0116|MR1|mpr-2,Non Demented,OAS1_0116,MR1,mpr-2,1,1,0,34,1,0,227,1,0,783,1,0,1350,1,0,1667
OAS1_0117|MR2|mpr-2,Non Demented,OAS1_0117,MR2,mpr-2,1,1,0,98,1,0,365,1,0,826,1,0,1293,1,0,1609
OAS1_0117|MR2|mpr-4,Non Demented,OAS1_0117,MR2,mpr-4,1,1,0,44,1,0,352,1,0,792,1,0,1269,1,0,1609
OAS1_0119|MR1|mpr-1,Non Demented,OAS1_0119,MR1,mpr-1,1,1,0,10,1,0,69,1,0,268,1,0,633,1,0,1205
OAS1_0119|MR1|mpr-2,Non Demented,OAS1_0119,MR1,mpr-2,1,1,0,18,1,0,150,1,0,432,1,0,975,1,0,1452
OAS1_0121|MR1|mpr-3,Non Demented,OAS1_0121,MR1,mpr-3,1,1,0,1,1,0,1,1,0,1,1,0,5,1,0,80
OAS1_0121|MR1|mpr-4,Non Demented,OAS1_0121,MR1,mpr-4,1,1,0,1,1,0,1,1,0,2,1,0,13,1,0,89
OAS1_0125|MR1|mpr-3,Non Demented,OAS1_0125,MR1,mpr-3,1,1,0,25,1,0,112,1,0,273,1,0,634,1,0,1080
OAS1_0125|MR1|mpr-4,Non Demented,OAS1_0125,MR1,mpr-4,1,1,0,25,1,0,112,1,0,273,1,0,634,1,0,1080
OAS1_0126|MR1|mpr-1,Non Demented,OAS1_0126,MR1,mpr-1,1,1,0,110,1,0,367,1,0,760,1,0,1297,1,0,1590
OAS1_0126|MR1|mpr-2,Non Demented,OAS1_0126,MR1,mpr-2,1,1,0,109,1,0,358,1,0,804,1,0,1283,1,0,1607
OAS1_0127|MR1|mpr-1,Non Demented,OAS1_0127,MR1,mpr-1,1,1,0,70,1,0,348,1,0,805,1,0,1272,1,0,1585
OAS1_0127|MR1|mpr-2,Non Demented,OAS1_0127,MR1,mpr-2,1,1,0,19,1,0,258,1,0,875,1,0,1363,1,0,1660
OAS1_0129|MR1|mpr-3,Non Demented,OAS1_0129,MR1,mpr-3,1,0,0,0,1,0,50,1,0,256,1,0,641,1,0,1083
OAS1_0129|MR1|mpr-4,Non Demented,OAS1_0129,MR1,mpr-4,1,1,0,118,1,0,357,1,0,813,1,0,1342,1,0,1599
OAS1_0130|MR1|mpr-1,Non Demented,OAS1_0130,MR1,mpr-1,1,0,0,0,0,0,0,0,0,0,1,0,4,1,0,127
OAS1_0130|MR1|mpr-2,Non Demented,OAS1_0130,MR1,mpr-2,1,0,0,0,0,0,0,1,0,4,1,0,80,1,0,243
OAS1_0131|MR1|mpr-3,Non Demented,OAS1_0131,MR1,mpr-3,1,1,0,3,1,0,50,1,0,273,1,0,686,1,0,1178
OAS1_0131|MR1|mpr-4,Non Demented,OAS1_0131,MR1,mpr-4,1,1,0,15,1,0,89,1,0,301,1,0,683,1,0,1141
OAS1_0132|MR1|mpr-1,Non Demented,OAS1_0132,MR1,mpr-1,1,1,0,7,1,0,53,1,0,117,1,0,302,1,0,603
OAS1_0132|MR1|mpr-2,Non Demented,OAS1_0132,MR1,mpr-2,1,1,0,17,1,0,83,1,0,286,1,0,631,1,0,1030
OAS1_0133|MR1|mpr-3,Non Demented,OAS1_0133,MR1,mpr-3,1,1,0,20,1,0,200,1,0,684,1,0,1349,1,0,1605
OAS1_0133|MR1|mpr-4,Non Demented,OAS1_0133,MR1,mpr-4,1,1,0,20,1,0,200,1,0,684,1,0,1349,1,0,1605
OAS1_0135|MR1|mpr-1,Non Demented,OAS1_0135,MR1,mpr-1,1,1,0,1,1,0,2,1,0,8,1,0,46,1,0,163
OAS1_0135|MR1|mpr-4,Non Demented,OAS1_0135,MR1,mpr-4,1,1,0,1,1,0,3,1,0,19,1,0,53,1,0,212
OAS1_0136|MR1|mpr-2,Non Demented,OAS1_0136,MR1,mpr-2,1,1,0,111,1,0,347,1,0,782,1,0,1256,1,0,1572
OAS1_0138|MR1|mpr-3,Non Demented,OAS1_0138,MR1,mpr-3,1,1,0,6,1,0,143,1,0,685,1,0,1308,1,0,1608
OAS1_0139|MR1|mpr-2,Non Demented,OAS1_0139,MR1,mpr-2,1,0,0,0,1,0,3,1,0,5,1,0,19,1,0,76
OAS1_0139|MR1|mpr-4,Non Demented,OAS1_0139,MR1,mpr-4,1,0,0,0,1,0,2,1,0,4,1,0,15,1,0,83
OAS1_0140|MR1|mpr-1,Non Demented,OAS1_0140,MR1,mpr-1,1,1,0,109,1,0,358,1,0,804,1,0,1283,1,0,1607
OAS1_0140|MR1|mpr-3,Non Demented,OAS1_0140,MR1,mpr-3,1,1,0,49,1,0,297,1,0,809,1,0,1292,1,0,1617
OAS1_0141|MR1|mpr-1,Non Demented,OAS1_0141,MR1,mpr-1,1,1,0,27,1,0,141,1,0,462,1,0,928,1,0,1373
OAS1_0141|MR1|mpr-3,Non Demented,OAS1_0141,MR1,mpr-3,1,1,0,9,1,0,116,1,0,473,1,0,975,1,0,1413
OAS1_0144|MR1|mpr-2,Non Demented,OAS1_0144,MR1,mpr-2,1,1,0,48,1,0,268,1,0,764,1,0,1416,1,0,1708
OAS1_0144|MR1|mpr-4,Non Demented,OAS1_0144,MR1,mpr-4,1,1,0,7,1,0,26,1,0,168,1,0,410,1,0,890
OAS1_0145|MR2|mpr-2,Non Demented,OAS1_0145,MR2,mpr-2,1,1,0,13,1,0,55,1,0,172,1,0,446,1,0,890
OAS1_0145|MR2|mpr-4,Non Demented,OAS1_0145,MR2,mpr-4,1,1,0,2,1,0,49,1,0,186,1,0,508,1,0,1042
OAS1_0146|MR1|mpr-3,Non Demented,OAS1_0146,MR1,mpr-3,1,0,0,0,1,0,3,1,0,26,1,0,169,1,0,619
OAS1_0146|MR1|mpr-4,Non Demented,OAS1_0146,MR1,mpr-4,1,0,0,0,1,0,75,1,0,426,1,0,1084,1,0,1649
OAS1_0147|MR1|mpr-1,Non Demented,OAS1_0147,MR1,mpr-1,1,1,0,11,1,0,49,1,0,151,1,0,381,1,0,752
OAS1_0147|MR1|mpr-2,Non Demented,OAS1_0147,MR1,mpr-2,1,1,0,21,1,0,107,1,0,282,1,0,650,1,0,1123
OAS1_0148|MR1|mpr-1,Non Demented,OAS1_0148,MR1,mpr-1,1,1,0,79,1,0,396,1,0,871,1,0,1338,1,0,1633
OAS1_0148|MR1|mpr-2,Non Demented,OAS1_0148,MR1,mpr-2,1,1,0,82,1,0,384,1,0,852,1,0,1314,1,0,1598
OAS1_0150|MR2|mpr-1,Non Demented,OAS1_0150,MR2,mpr-1,1,1,0,22,1,0,149,1,0,539,1,0,1100,1,0,1543
OAS1_0150|MR2|mpr-3,Non Demented,OAS1_0150,MR2,mpr-3,1,1,0,48,1,0,284,1,0,879,1,0,1381,1,0,1678
OAS1_0151|MR1|mpr-3,Non Demented,OAS1_0151,MR1,mpr-3,1,1,0,55,1,0,344,1,0,779,1,0,1299,1,0,1582
OAS1_0151|MR1|mpr-4,Non Demented,OAS1_0151,MR1,mpr-4,1,1,0,55,1,0,344,1,0,779,1,0,1299,1,0,1582
OAS1_0152|MR1|mpr-1,Non Demented,OAS1_0152,MR1,mpr-1,1,0,0,0,1,0,9,1,0,87,1,0,410,1,0,1000
OAS1_0152|MR1|mpr-2,Non Demented,OAS1_0152,MR1,mpr-2,1,0,0,0,1,0,9,1,0,75,1,0,252,1,0,718
OAS1_0153|MR1|mpr-4,Non Demented,OAS1_0153,MR1,mpr-4,1,0,0,0,1,0,17,1,0,226,1,0,715,1,0,1231
OAS1_0156|MR2|mpr-2,Non Demented,OAS1_0156,MR2,mpr-2,1,1,0,29,1,0,237,1,0,741,1,0,1305,1,0,1617
OAS1_0156|MR2|mpr-3,Non Demented,OAS1_0156,MR2,mpr-3,1,1,0,129,1,0,344,1,0,687,1,0,1216,1,0,1526
OAS1_0157|MR1|mpr-1,Non Demented,OAS1_0157,MR1,mpr-1,1,1,0,1,1,0,50,1,0,153,1,0,544,1,0,1308
OAS1_0157|MR1|mpr-3,Non Demented,OAS1_0157,MR1,mpr-3,1,1,0,39,1,0,124,1,0,487,1,0,1237,1,0,1561
OAS1_0159|MR1|mpr-2,Non Demented,OAS1_0159,MR1,mpr-2,1,1,0,16,1,0,93,1,0,289,1,0,669,1,0,1102
OAS1_0159|MR1|mpr-3,Non Demented,OAS1_0159,MR1,mpr-3,1,1,0,43,1,0,175,1,0,531,1,0,975,1,0,1429
OAS1_0160|MR1|mpr-2,Non Demented,OAS1_0160,MR1,mpr-2,1,0,0,0,0,0,0,0,0,0,1,0,7,1,0,117
OAS1_0160|MR1|mpr-4,Non Demented,OAS1_0160,MR1,mpr-4,1,0,0,0,1,0,1,1,0,30,1,0,197,1,0,617
OAS1_0162|MR1|mpr-3,Non Demented,OAS1_0162,MR1,mpr-3,1,1,0,3,1,0,133,1,0,655,1,0,1382,1,0,1657
OAS1_0162|MR1|mpr-4,Non Demented,OAS1_0162,MR1,mpr-4,1,0,0,0,1,0,90,1,0,352,1,0,1083,1,0,1441
OAS1_0163|MR1|mpr-1,Non Demented,OAS1_0163,MR1,mpr-1,1,1,0,89,1,0,399,1,0,905,1,0,1376,1,0,1655
OAS1_0163|MR1|mpr-2,Non Demented,OAS1_0163,MR1,mpr-2,1,1,0,10,1,0,108,1,0,500,1,0,1185,1,0,1644
OAS1_0165|MR1|mpr-1,Non Demented,OAS1_0165,MR1,mpr-1,1,1,0,57,1,0,226,1,0,656,1,0,1229,1,0,1546
OAS1_0165|MR1|mpr-3,Non Demented,OAS1_0165,MR1,mpr-3,1,1,0,15,1,0,133,1,0,678,1,0,1264,1,0,1575
OAS1_0167|MR1|mpr-3,Non Demented,OAS1_0167,MR1,mpr-3,1,1,0,2,1,0,30,1,0,180,1,0,739,1,0,1391
OAS1_0167|MR1|mpr-4,Non Demented,OAS1_0167,MR1,mpr-4,1,0,0,0,1,0,1,1,0,33,1,0,369,1,0,1209
OAS1_0168|MR1|mpr-2,Non Demented,OAS1_0168,MR1,mpr-2,1,1,0,129,1,0,344,1,0,687,1,0,1216,1,0,1526
OAS1_0168|MR1|mpr-4,Non Demented,OAS1_0168,MR1,mpr-4,1,1,0,129,1,0,344,1,0,687,1,0,1216,1,0,1526
OAS1_0169|MR1|mpr-1,Non Demented,OAS1_0169,MR1,mpr-1,1,1,0,16,1,0,138,1,0,432,1,0,966,1,0,1452
OAS1_0170|MR1|mpr-2,Non Demented,OAS1_0170,MR1,mpr-2,1,1,0,1,1,0,3,1,0,9,1,0,121,1,0,338
OAS1_0170|MR1|mpr-4,Non Demented,OAS1_0170,MR1,mpr-4,1,1,0,1,1,0,2,1,0,7,1,0,115,1,0,348
OAS1_0173|MR1|mpr-1,Non Demented,OAS1_0173,MR1,mpr-1,1,1,0,3,1,0,46,1,0,208,1,0,564,1,0,1398
OAS1_0174|MR1|mpr-3,Non Demented,OAS1_0174,MR1,mpr-3,1,1,0,8,1,0,135,1,0,633,1,0,1365,1,0,1667
OAS1_0176|MR1|mpr-2,Non Demented,OAS1_0176,MR1,mpr-2,1,1,0,1,1,0,14,1,0,107,1,0,364,1,0,881
OAS1_0176|MR1|mpr-3,Non Demented,OAS1_0176,MR1,mpr-3,1,1,0,1,1,0,11,1,0,86,1,0,339,1,0,846
OAS1_0177|MR1|mpr-1,Non Demented,OAS1_0177,MR1,mpr-1,1,1,0,129,1,0,344,1,0,687,1,0,1216,1,0,1526
OAS1_0178|MR1|mpr-3,Non Demented,OAS1_0178,MR1,mpr-3,1,1,0,1,1,0,1,1,0,17,1,0,92,1,0,321
OAS1_0178|MR1|mpr-4,Non Demented,OAS1_0178,MR1,mpr-4,1,1,0,1,1,0,1,1,0,11,1,0,72,1,0,247
OAS1_0180|MR1|mpr-1,Non Demented,OAS1_0180,MR1,mpr-1,1,0,0,0,1,0,2,1,0,111,1,0,444,1,0,1008
OAS1_0180|MR1|mpr-2,Non Demented,OAS1_0180,MR1,mpr-2,1,0,0,0,1,0,2,1,0,78,1,0,346,1,0,809
OAS1_0181|MR1|mpr-1,Non Demented,OAS1_0181,MR1,mpr-1,1,1,0,118,1,0,357,1,0,813,1,0,1342,1,0,1599
OAS1_0181|MR1|mpr-2,Non Demented,OAS1_0181,MR1,mpr-2,1,1,0,2,1,0,85,1,0,339,1,0,1103,1,0,1423
OAS1_0182|MR1|mpr-3,Non Demented,OAS1_0182,MR1,mpr-3,1,1,0,1,1,0,11,1,0,118,1,0,492,1,0,1037
OAS1_0182|MR1|mpr-4,Non Demented,OAS1_0182,MR1,mpr-4,1,0,0,0,1,0,43,1,0,416,1,0,1020,1,0,1508
OAS1_0183|MR1|mpr-3,Non Demented,OAS1_0183,MR1,mpr-3,1,0,0,0,1,0,4,1,0,89,1,0,637,1,0,1276
OAS1_0183|MR1|mpr-4,Non Demented,OAS1_0183,MR1,mpr-4,1,0,0,0,1,0,8,1,0,36,1,0,151,1,0,461
OAS1_0186|MR1|mpr-2,Non Demented,OAS1_0186,MR1,mpr-2,1,1,0,14,1,0,142,1,0,676,1,0,1239,1,0,1581
OAS1_0186|MR1|mpr-4,Non Demented,OAS1_0186,MR1,mpr-4,1,0,0,0,0,0,0,1,0,1,1,0,10,1,0,157
OAS1_0188|MR1|mpr-1,Non Demented,OAS1_0188,MR1,mpr-1,1,1,0,3,1,0,13,1,0,80,1,0,367,1,0,823
OAS1_0188|MR1|mpr-2,Non Demented,OAS1_0188,MR1,mpr-2,1,1,0,20,1,0,186,1,0,602,1,0,1243,1,0,1538
OAS1_0189|MR1|mpr-1,Non Demented,OAS1_0189,MR1,mpr-1,1,0,0,0,1,0,21,1,0,163,1,0,667,1,0,1255
OAS1_0189|MR1|mpr-4,Non Demented,OAS1_0189,MR1,mpr-4,1,1,0,7,1,0,94,1,0,341,1,0,772,1,0,1248
OAS1_0190|MR1|mpr-2,Non Demented,OAS1_0190,MR1,mpr-2,1,1,0,2,1,0,38,1,0,306,1,0,859,1,0,1493
OAS1_0190|MR1|mpr-3,Non Demented,OAS1_0190,MR1,mpr-3,1,1,0,1,1,0,30,1,0,192,1,0,717,1,0,1392
OAS1_0191|MR2|mpr-1,Non Demented,OAS1_0191,MR2,mpr-1,1,1,0,53,1,0,339,1,0,815,1,0,1352,1,0,1621
OAS1_0191|MR2|mpr-4,Non Demented,OAS1_0191,MR2,mpr-4,1,1,0,19,1,0,198,1,0,593,1,0,1355,1,0,1639
OAS1_0192|MR1|mpr-1,Non Demented,OAS1_0192,MR1,mpr-1,1,1,0,35,1,0,254,1,0,703,1,0,1373,1,0,1639
OAS1_0192|MR1|mpr-3,Non Demented,OAS1_0192,MR1,mpr-3,1,1,0,14,1,0,103,1,0,313,1,0,673,1,0,1178
OAS1_0193|MR1|mpr-2,Non Demented,OAS1_0193,MR1,mpr-2,1,1,0,10,1,0,121,1,0,457,1,0,1053,1,0,1557
OAS1_0193|MR1|mpr-4,Non Demented,OAS1_0193,MR1,mpr-4,1,1,0,103,1,0,359,1,0,787,1,0,1266,1,0,1574
OAS1_0195|MR1|mpr-1,Non Demented,OAS1_0195,MR1,mpr-1,1,1,0,6,1,0,147,1,0,675,1,0,1285,1,0,1618
OAS1_0195|MR1|mpr-4,Non Demented,OAS1_0195,MR1,mpr-4,1,1,0,1,1,0,47,1,0,401,1,0,1199,1,0,1530
OAS1_0197|MR1|mpr-3,Non Demented,OAS1_0197,MR1,mpr-3,1,1,0,4,1,0,12,1,0,71,1,0,256,1,0,651
OAS1_0197|MR1|mpr-4,Non Demented,OAS1_0197,MR1,mpr-4,1,0,0,0,1,0,2,1,0,88,1,0,545,1,0,1320
OAS1_0198|MR1|mpr-1,Non Demented,OAS1_0198,MR1,mpr-1,1,1,0,7,1,0,89,1,0,437,1,0,951,1,0,1548
OAS1_0198|MR1|mpr-2,Non Demented,OAS1_0198,MR1,mpr-2,1,0,0,0,0,0,0,1,0,1,1,0,44,1,0,356
OAS1_0199|MR1|mpr-1,Non Demented,OAS1_0199,MR1,mpr-1,1,1,0,4,1,0,43,1,0,232,1,0,753,1,0,1368
OAS1_0199|MR1|mpr-3,Non Demented,OAS1_0199,MR1,mpr-3,1,1,0,14,1,0,89,1,0,508,1,0,1280,1,0,1595
OAS1_0200|MR1|mpr-3,Non Demented,OAS1_0200,MR1,mpr-3,1,1,0,1,1,0,140,1,0,512,1,0,1305,1,0,1600
OAS1_0200|MR1|mpr-4,Non Demented,OAS1_0200,MR1,mpr-4,1,1,0,51,1,0,266,1,0,738,1,0,1328,1,0,1616
OAS1_0201|MR1|mpr-2,Non Demented,OAS1_0201,MR1,mpr-2,1,0,0,0,0,0,0,1,0,3,1,0,28,1,0,144
OAS1_0201|MR1|mpr-3,Non Demented,OAS1_0201,MR1,mpr-3,1,1,0,1,1,0,17,1,0,191,1,0,757,1,0,1470
OAS1_0202|MR2|mpr-1,Non Demented,OAS1_0202,MR2,mpr-1,1,1,0,55,1,0,353,1,0,813,1,0,1301,1,0,1604
OAS1_0202|MR2|mpr-4,Non Demented,OAS1_0202,MR2,mpr-4,1,1,0,74,1,0,340,1,0,835,1,0,1331,1,0,1621
OAS1_0203|MR1|mpr-1,Non Demented,OAS1_0203,MR1,mpr-1,1,1,0,4,1,0,113,1,0,604,1,0,1327,1,0,1605
OAS1_0203|MR1|mpr-2,Non Demented,OAS1_0203,MR1,mpr-2,1,0,0,0,1,0,12,1,0,181,1,0,831,1,0,1492
OAS1_0204|MR1|mpr-3,Non Demented,OAS1_0204,MR1,mpr-3,1,0,0,0,1,0,3,1,0,21,1,0,118,1,0,386
OAS1_0204|MR1|mpr-4,Non Demented,OAS1_0204,MR1,mpr-4,1,0,0,0,1,0,5,1,0,18,1,0,89,1,0,403
OAS1_0206|MR1|mpr-1,Non Demented,OAS1_0206,MR1,mpr-1,1,0,0,0,1,0,7,1,0,172,1,0,754,1,0,1417
OAS1_0206|MR1|mpr-2,Non Demented,OAS1_0206,MR1,mpr-2,1,0,0,0,1,0,15,1,0,68,1,0,170,1,0,448
OAS1_0207|MR1|mpr-1,Non Demented,OAS1_0207,MR1,mpr-1,1,1,0,89,1,0,399,1,0,905,1,0,1376,1,0,1655
OAS1_0207|MR1|mpr-2,Non Demented,OAS1_0207,MR1,mpr-2,1,1,0,64,1,0,366,1,0,909,1,0,1429,1,0,1678
OAS1_0208|MR1|mpr-2,Non Demented,OAS1_0208,MR1,mpr-2,1,1,0,17,1,0,187,1,0,564,1,0,1330,1,0,1606
OAS1_0208|MR1|mpr-3,Non Demented,OAS1_0208,MR1,mpr-3,1,1,0,5,1,0,56,1,0,324,1,0,764,1,0,1488
OAS1_0209|MR1|mpr-3,Non Demented,OAS1_0209,MR1,mpr-3,1,1,0,10,1,0,51,1,0,214,1,0,535,1,0,1036
OAS1_0209|MR1|mpr-4,Non Demented,OAS1_0209,MR1,mpr-4,1,1,0,25,1,0,112,1,0,273,1,0,634,1,0,1080
OAS1_0211|MR1|mpr-1,Non Demented,OAS1_0211,MR1,mpr-1,1,1,0,2,1,0,57,1,0,334,1,0,911,1,0,1531
OAS1_0211|MR1|mpr-4,Non Demented,OAS1_0211,MR1,mpr-4,1,0,0,0,1,0,15,1,0,171,1,0,613,1,0,1324
OAS1_0212|MR1|mpr-1,Non Demented,OAS1_0212,MR1,mpr-1,1,1,0,9,1,0,125,1,0,602,1,0,1322,1,0,1620
OAS1_0212|MR1|mpr-4,Non Demented,OAS1_0212,MR1,mpr-4,1,1,0,5,1,0,119,1,0,570,1,0,1293,1,0,1605
OAS1_0213|MR1|mpr-2,Non Demented,OAS1_0213,MR1,mpr-2,1,1,0,37,1,0,267,1,0,861,1,0,1398,1,0,1642
OAS1_0214|MR1|mpr-2,Non Demented,OAS1_0214,MR1,mpr-2,1,1,0,33,1,0,255,1,0,774,1,0,1317,1,0,1637
OAS1_0214|MR1|mpr-3,Non Demented,OAS1_0214,MR1,mpr-3,1,1,0,10,1,0,141,1,0,513,1,0,1080,1,0,1542
OAS1_0216|MR1|mpr-4,Non Demented,OAS1_0216,MR1,mpr-4,1,1,0,3,1,0,42,1,0,315,1,0,804,1,0,1467
OAS1_0218|MR1|mpr-4,Non Demented,OAS1_0218,MR1,mpr-4,1,1,0,78,1,0,310,1,0,709,1,0,1267,1,0,1572
OAS1_0220|MR1|mpr-1,Non Demented,OAS1_0220,MR1,mpr-1,1,1,0,79,1,0,339,1,0,947,1,0,1422,1,0,1689
OAS1_0220|MR1|mpr-3,Non Demented,OAS1_0220,MR1,mpr-3,1,1,0,53,1,0,272,1,0,777,1,0,1423,1,0,1683
OAS1_0221|MR1|mpr-2,Non Demented,OAS1_0221,MR1,mpr-2,1,1,0,42,1,0,181,1,0,661,1,0,1203,1,0,1547
OAS1_0222|MR1|mpr-3,Non Demented,OAS1_0222,MR1,mpr-3,1,0,0,0,0,0,0,1,0,3,1,0,76,1,0,543
OAS1_0222|MR1|mpr-4,Non Demented,OAS1_0222,MR1,mpr-4,1,0,0,0,0,0,0,1,0,7,1,0,40,1,0,173
OAS1_0224|MR1|mpr-1,Non Demented,OAS1_0224,MR1,mpr-1,1,1,0,16,1,0,53,1,0,245,1,0,594,1,0,1111
OAS1_0224|MR1|mpr-3,Non Demented,OAS1_0224,MR1,mpr-3,1,1,0,18,1,0,150,1,0,432,1,0,975,1,0,1452
OAS1_0227|MR1|mpr-1,Non Demented,OAS1_0227,MR1,mpr-1,1,1,0,5,1,0,156,1,0,670,1,0,1328,1,0,1641
OAS1_0227|MR1|mpr-4,Non Demented,OAS1_0227,MR1,mpr-4,1,1,0,1,1,0,32,1,0,427,1,0,1193,1,0,1513
OAS1_0228|MR1|mpr-1,Non Demented,OAS1_0228,MR1,mpr-1,1,1,0,55,1,0,372,1,0,960,1,0,1460,1,0,1714
OAS1_0228|MR1|mpr-2,Non Demented,OAS1_0228,MR1,mpr-2,1,1,0,18,1,0,271,1,0,832,1,0,1333,1,0,1646
OAS1_0229|MR1|mpr-2,Non Demented,OAS1_0229,MR1,mpr-2,1,1,0,47,1,0,201,1,0,549,1,0,1204,1,0,1518
OAS1_0229|MR1|mpr-4,Non Demented,OAS1_0229,MR1,mpr-4,1,1,0,43,1,0,179,1,0,513,1,0,1122,1,0,1476
OAS1_0230|MR2|mpr-2,Non Demented,OAS1_0230,MR2,mpr-2,1,1,0,68,1,0,345,1,0,862,1,0,1346,1,0,1618
OAS1_0230|MR2|mpr-3,Non Demented,OAS1_0230,MR2,mpr-3,1,1,0,16,1,0,93,1,0,289,1,0,669,1,0,1102
OAS1_0231|MR1|mpr-1,Non Demented,OAS1_0231,MR1,mpr-1,1,1,0,4,1,0,34,1,0,145,1,0,414,1,0,872
OAS1_0231|MR1|mpr-3,Non Demented,OAS1_0231,MR1,mpr-3,1,1,0,4,1,0,34,1,0,145,1,0,414,1,0,872
OAS1_0232|MR1|mpr-2,Non Demented,OAS1_0232,MR1,mpr-2,1,1,0,103,1,0,359,1,0,787,1,0,1266,1,0,1574
OAS1_0232|MR1|mpr-3,Non Demented,OAS1_0232,MR1,mpr-3,1,1,0,98,1,0,365,1,0,826,1,0,1293,1,0,1609
OAS1_0234|MR1|mpr-2,Non Demented,OAS1_0234,MR1,mpr-2,1,1,0,35,1,0,72,1,0,261,1,0,755,1,0,1402
OAS1_0234|MR1|mpr-4,Non Demented,OAS1_0234,MR1,mpr-4,1,1,0,2,1,0,31,1,0,192,1,0,580,1,0,1232
OAS1_0235|MR1|mpr-1,Non Demented,OAS1_0235,MR1,mpr-1,1,1,0,32,1,0,191,1,0,528,1,0,952,1,0,1434
OAS1_0235|MR1|mpr-3,Non Demented,OAS1_0235,MR1,mpr-3,1,1,0,110,1,0,367,1,0,760,1,0,1297,1,0,1590
OAS1_0236|MR2|mpr-1,Non Demented,OAS1_0236,MR2,mpr-1,1,1,0,9,1,0,75,1,0,240,1,0,641,1,0,1151
OAS1_0237|MR1|mpr-1,Non Demented,OAS1_0237,MR1,mpr-1,1,1,0,51,1,0,269,1,0,895,1,0,1378,1,0,1703
OAS1_0237|MR1|mpr-4,Non Demented,OAS1_0237,MR1,mpr-4,1,1,0,42,1,0,244,1,0,780,1,0,1422,1,0,1729
OAS1_0239|MR2|mpr-2,Non Demented,OAS1_0239,MR2,mpr-2,1,1,0,129,1,0,344,1,0,687,1,0,1216,1,0,1526
OAS1_0239|MR2|mpr-3,Non Demented,OAS1_0239,MR2,mpr-3,1,1,0,129,1,0,344,1,0,687,1,0,1216,1,0,1526
OAS1_0241|MR1|mpr-2,Non Demented,OAS1_0241,MR1,mpr-2,1,1,0,45,1,0,254,1,0,786,1,0,1426,1,0,1671
OAS1_0241|MR1|mpr-4,Non Demented,OAS1_0241,MR1,mpr-4,1,1,0,53,1,0,324,1,0,806,1,0,1304,1,0,1599
OAS1_0244|MR1|mpr-1,Non Demented,OAS1_0244,MR1,mpr-1,1,1,0,9,1,0,98,1,0,402,1,0,882,1,0,1519
OAS1_0244|MR1|mpr-3,Non Demented,OAS1_0244,MR1,mpr-3,1,1,0,37,1,0,246,1,0,616,1,0,1348,1,0,1606
OAS1_0246|MR1|mpr-3,Non Demented,OAS1_0246,MR1,mpr-3,1,1,0,10,1,0,137,1,0,591,1,0,1349,1,0,1682
OAS1_0246|MR1|mpr-4,Non Demented,OAS1_0246,MR1,mpr-4,1,1,0,10,1,0,150,1,0,592,1,0,1182,1,0,1522
OAS1_0249|MR2|mpr-1,Non Demented,OAS1_0249,MR2,mpr-1,1,1,0,17,1,0,164,1,0,637,1,0,1280,1,0,1565
OAS1_0249|MR2|mpr-4,Non Demented,OAS1_0249,MR2,mpr-4,1,1,0,24,1,0,250,1,0,739,1,0,1395,1,0,1681
OAS1_0250|MR1|mpr-1,Non Demented,OAS1_0250,MR1,mpr-1,1,1,0,23,1,0,231,1,0,826,1,0,1382,1,0,1653
OAS1_0250|MR1|mpr-2,Non Demented,OAS1_0250,MR1,mpr-2,1,1,0,89,1,0,408,1,0,953,1,0,1406,1,0,1662
OAS1_0253|MR1|mpr-2,Non Demented,OAS1_0253,MR1,mpr-2,1,1,0,2,1,0,90,1,0,468,1,0,956,1,0,1425
OAS1_0253|MR1|mpr-3,Non Demented,OAS1_0253,MR1,mpr-3,1,0,0,0,1,0,5,1,0,55,1,0,232,1,0,599
OAS1_0254|MR1|mpr-5,Non Demented,OAS1_0254,MR1,mpr-5,1,1,0,46,1,0,247,1,0,703,1,0,1388,1,0,1675
OAS1_0254|MR1|mpr-6,Non Demented,OAS1_0254,MR1,mpr-6,1,1,0,46,1,0,247,1,0,703,1,0,1388,1,0,1675
OAS1_0255|MR1|mpr-2,Non Demented,OAS1_0255,MR1,mpr-2,1,1,0,63,1,0,368,1,0,883,1,0,1363,1,0,1632
OAS1_0255|MR1|mpr-4,Non Demented,OAS1_0255,MR1,mpr-4,1,1,0,85,1,0,402,1,0,895,1,0,1387,1,0,1631
OAS1_0256|MR1|mpr-3,Non Demented,OAS1_0256,MR1,mpr-3,1,0,0,0,1,0,42,1,0,280,1,0,745,1,0,1398
OAS1_0256|MR1|mpr-4,Non Demented,OAS1_0256,MR1,mpr-4,1,0,0,0,1,0,10,1,0,114,1,0,489,1,0,1082
OAS1_0258|MR1|mpr-1,Non Demented,OAS1_0258,MR1,mpr-1,1,1,0,3,1,0,47,1,0,228,1,0,536,1,0,1034
OAS1_0258|MR1|mpr-2,Non Demented,OAS1_0258,MR1,mpr-2,1,1,0,4,1,0,38,1,0,230,1,0,548,1,0,1073
OAS1_0259|MR1|mpr-3,Non Demented,OAS1_0259,MR1,mpr-3,1,1,0,34,1,0,266,1,0,751,1,0,1420,1,0,1709
OAS1_0259|MR1|mpr-4,Non Demented,OAS1_0259,MR1,mpr-4,1,1,0,34,1,0,266,1,0,751,1,0,1420,1,0,1709
OAS1_0260|MR1|mpr-1,Non Demented,OAS1_0260,MR1,mpr-1,1,0,0,0,1,0,38,1,0,219,1,0,643,1,0,1260
OAS1_0260|MR1|mpr-2,Non Demented,OAS1_0260,MR1,mpr-2,1,0,0,0,1,0,28,1,0,162,1,0,547,1,0,1113
OAS1_0261|MR1|mpr-1,Non Demented,OAS1_0261,MR1,mpr-1,1,0,0,0,1,0,2,1,0,17,1,0,151,1,0,592
OAS1_0261|MR1|mpr-4,Non Demented,OAS1_0261,MR1,mpr-4,1,1,0,3,1,0,36,1,0,140,1,0,410,1,0,871
OAS1_0262|MR1|mpr-1,Non Demented,OAS1_0262,MR1,mpr-1,1,1,0,6,1,0,124,1,0,573,1,0,1299,1,0,1636
OAS1_0262|MR1|mpr-3,Non Demented,OAS1_0262,MR1,mpr-3,1,1,0,8,1,0,116,1,0,563,1,0,1252,1,0,1620
OAS1_0264|MR1|mpr-3,Non Demented,OAS1_0264,MR1,mpr-3,1,1,0,1,1,0,38,1,0,229,1,0,692,1,0,1209
OAS1_0264|MR1|mpr-4,Non Demented,OAS1_0264,MR1,mpr-4,1,1,0,6,1,0,62,1,0,270,1,0,681,1,0,1219
OAS1_0265|MR1|mpr-2,Non Demented,OAS1_0265,MR1,mpr-2,1,1,0,1,1,0,20,1,0,102,1,0,478,1,0,1096
OAS1_0266|MR1|mpr-1,Non Demented,OAS1_0266,MR1,mpr-1,1,0,0,0,0,0,0,0,0,0,1,0,2,1,0,39
OAS1_0266|MR1|mpr-3,Non Demented,OAS1_0266,MR1,mpr-3,1,0,0,0,0,0,0,1,0,2,1,0,71,1,0,490
OAS1_0270|MR1|mpr-2,Non Demented,OAS1_0270,MR1,mpr-2,1,1,0,78,1,0,310,1,0,709,1,0,1267,1,0,1572
OAS1_0271|MR1|mpr-1,Non Demented,OAS1_0271,MR1,mpr-1,1,1,0,4,1,0,157,1,0,650,1,0,1326,1,0,1658
OAS1_0271|MR1|mpr-4,Non Demented,OAS1_0271,MR1,mpr-4,1,1,0,4,1,0,157,1,0,650,1,0,1326,1,0,1658
OAS1_0274|MR1|mpr-2,Non Demented,OAS1_0274,MR1,mpr-2,1,1,0,29,1,0,315,1,0,901,1,0,1365,1,0,1664
OAS1_0274|MR1|mpr-3,Non Demented,OAS1_0274,MR1,mpr-3,1,1,0,29,1,0,315,1,0,901,1,0,1365,1,0,1664
OAS1_0275|MR1|mpr-3,Non Demented,OAS1_0275,MR1,mpr-3,1,1,0,3,1,0,42,1,0,228,1,0,666,1,0,1272
OAS1_0275|MR1|mpr-4,Non Demented,OAS1_0275,MR1,mpr-4,1,1,0,2,1,0,34,1,0,202,1,0,605,1,0,1152
OAS1_0277|MR1|mpr-1,Non Demented,OAS1_0277,MR1,mpr-1,1,0,0,0,1,0,29,1,0,191,1,0,562,1,0,1148
OAS1_0277|MR1|mpr-4,Non Demented,OAS1_0277,MR1,mpr-4,1,1,0,3,1,0,25,1,0,154,1,0,495,1,0,971
OAS1_0279|MR1|mpr-2,Non Demented,OAS1_0279,MR1,mpr-2,1,1,0,3,1,0,73,1,0,474,1,0,1208,1,0,1544
OAS1_0279|MR1|mpr-4,Non Demented,OAS1_0279,MR1,mpr-4,1,1,0,7,1,0,13,1,0,46,1,0,216,1,0,650
OAS1_0280|MR1|mpr-1,Non Demented,OAS1_0280,MR1,mpr-1,1,1,0,55,1,0,372,1,0,960,1,0,1460,1,0,1714
OAS1_0280|MR1|mpr-3,Non Demented,OAS1_0280,MR1,mpr-3,1,1,0,31,1,0,249,1,0,830,1,0,1346,1,0,1670
OAS1_0281|MR1|mpr-2,Non Demented,OAS1_0281,MR1,mpr-2,1,1,0,8,1,0,123,1,0,621,1,0,1297,1,0,1652
OAS1_0282|MR1|mpr-3,Non Demented,OAS1_0282,MR1,mpr-3,1,1,0,13,1,0,177,1,0,763,1,0,1312,1,0,1600
OAS1_0282|MR1|mpr-4,Non Demented,OAS1_0282,MR1,mpr-4,1,1,0,1,1,0,10,1,0,112,1,0,572,1,0,1235
OAS1_0283|MR1|mpr-2,Non Demented,OAS1_0283,MR1,mpr-2,1,0,0,0,1,0,1,1,0,35,1,0,164,1,0,513
OAS1_0284|MR1|mpr-1,Non Demented,OAS1_0284,MR1,mpr-1,1,1,0,1,1,0,1,1,0,1,1,0,15,1,0,131
OAS1_0284|MR1|mpr-4,Non Demented,OAS1_0284,MR1,mpr-4,1,1,0,1,1,0,1,1,0,1,1,0,15,1,0,131
OAS1_0285|MR2|mpr-2,Non Demented,OAS1_0285,MR2,mpr-2,1,1,0,129,1,0,344,1,0,687,1,0,1216,1,0,1526
OAS1_0285|MR2|mpr-4,Non Demented,OAS1_0285,MR2,mpr-4,1,1,0,46,1,0,168,1,0,431,1,0,872,1,0,1319
OAS1_0289|MR1|mpr-2,Non Demented,OAS1_0289,MR1,mpr-2,1,1,0,79,1,0,339,1,0,947,1,0,1422,1,0,1689
OAS1_0289|MR1|mpr-3,Non Demented,OAS1_0289,MR1,mpr-3,1,1,0,63,1,0,353,1,0,883,1,0,1398,1,0,1653
OAS1_0292|MR1|mpr-1,Non Demented,OAS1_0292,MR1,mpr-1,1,1,0,1,1,0,130,1,0,669,1,0,1307,1,0,1651
OAS1_0292|MR1|mpr-4,Non Demented,OAS1_0292,MR1,mpr-4,1,1,0,118,1,0,357,1,0,813,1,0,1342,1,0,1599
OAS1_0293|MR1|mpr-2,Non Demented,OAS1_0293,MR1,mpr-2,1,1,0,25,1,0,112,1,0,273,1,0,634,1,0,1080
OAS1_0294|MR1|mpr-1,Non Demented,OAS1_0294,MR1,mpr-1,1,1,0,10,1,0,78,1,0,342,1,0,799,1,0,1280
OAS1_0294|MR1|mpr-3,Non Demented,OAS1_0294,MR1,mpr-3,1,1,0,4,1,0,52,1,0,255,1,0,706,1,0,1310
OAS1_0295|MR1|mpr-1,Non Demented,OAS1_0295,MR1,mpr-1,1,1,0,10,1,0,58,1,0,244,1,0,557,1,0,987
OAS1_0295|MR1|mpr-3,Non Demented,OAS1_0295,MR1,mpr-3,1,1,0,12,1,0,60,1,0,241,1,0,607,1,0,1055
OAS1_0296|MR1|mpr-2,Non Demented,OAS1_0296,MR1,mpr-2,1,0,0,0,1,0,1,1,0,28,1,0,186,1,0,578
OAS1_0296|MR1|mpr-4,Non Demented,OAS1_0296,MR1,mpr-4,1,1,0,1,1,0,46,1,0,252,1,0,688,1,0,1194
OAS1_0299|MR1|mpr-3,Non Demented,OAS1_0299,MR1,mpr-3,1,1,0,54,1,0,268,1,0,726,1,0,1400,1,0,1674
OAS1_0301|MR1|mpr-2,Non Demented,OAS1_0301,MR1,mpr-2,1,0,0,0,1,0,24,1,0,393,1,0,1077,1,0,1567
OAS1_0301|MR1|mpr-4,Non Demented,OAS1_0301,MR1,mpr-4,1,1,0,1,1,0,81,1,0,397,1,0,963,1,0,1501
OAS1_0302|MR1|mpr-1,Non Demented,OAS1_0302,MR1,mpr-1,1,1,0,94,1,0,328,1,0,684,1,0,1244,1,0,1549
OAS1_0302|MR1|mpr-4,Non Demented,OAS1_0302,MR1,mpr-4,1,1,0,11,1,0,192,1,0,657,1,0,1260,1,0,1605
OAS1_0303|MR1|mpr-1,Non Demented,OAS1_0303,MR1,mpr-1,1,1,0,12,1,0,160,1,0,573,1,0,1301,1,0,1623
OAS1_0303|MR1|mpr-2,Non Demented,OAS1_0303,MR1,mpr-2,1,1,0,18,1,0,165,1,0,611,1,0,1313,1,0,1643
OAS1_0305|MR1|mpr-2,Non Demented,OAS1_0305,MR1,mpr-2,1,1,0,5,1,0,71,1,0,295,1,0,745,1,0,1243
OAS1_0305|MR1|mpr-3,Non Demented,OAS1_0305,MR1,mpr-3,1,1,0,6,1,0,132,1,0,479,1,0,995,1,0,1488
OAS1_0309|MR1|mpr-1,Non Demented,OAS1_0309,MR1,mpr-1,1,1,0,3,1,0,140,1,0,640,1,0,1230,1,0,1571
OAS1_0309|MR1|mpr-3,Non Demented,OAS1_0309,MR1,mpr-3,1,1,0,6,1,0,128,1,0,608,1,0,1230,1,0,1551
OAS1_0310|MR1|mpr-3,Non Demented,OAS1_0310,MR1,mpr-3,1,1,0,1,1,0,180,1,0,1078,1,0,1454,1,0,1729
OAS1_0310|MR1|mpr-4,Non Demented,OAS1_0310,MR1,mpr-4,1,0,0,0,0,0,0,1,0,47,1,0,215,1,0,727
OAS1_0311|MR1|mpr-1,Non Demented,OAS1_0311,MR1,mpr-1,1,1,0,25,1,0,320,1,0,751,1,0,1300,1,0,1607
OAS1_0311|MR1|mpr-4,Non Demented,OAS1_0311,MR1,mpr-4,1,1,0,48,1,0,357,1,0,817,1,0,1314,1,0,1611
OAS1_0313|MR1|mpr-1,Non Demented,OAS1_0313,MR1,mpr-1,1,1,0,74,1,0,340,1,0,835,1,0,1331,1,0,1621
OAS1_0313|MR1|mpr-2,Non Demented,OAS1_0313,MR1,mpr-2,1,1,0,10,1,0,138,1,0,604,1,0,1293,1,0,1608
OAS1_0314|MR1|mpr-3,Non Demented,OAS1_0314,MR1,mpr-3,1,1,0,6,1,0,25,1,0,88,1,0,259,1,0,576
OAS1_0314|MR1|mpr-4,Non Demented,OAS1_0314,MR1,mpr-4,1,1,0,6,1,0,25,1,0,88,1,0,259,1,0,576
OAS1_0317|MR1|mpr-1,Non Demented,OAS1_0317,MR1,mpr-1,1,0,0,0,0,0,0,1,0,1,1,0,9,1,0,38
OAS1_0317|MR1|mpr-2,Non Demented,OAS1_0317,MR1,mpr-2,1,0,0,0,0,0,0,0,0,0,1,0,1,1,0,13
OAS1_0318|MR1|mpr-2,Non Demented,OAS1_0318,MR1,mpr-2,1,1,0,1,1,0,44,1,0,223,1,0,645,1,0,1239
OAS1_0318|MR1|mpr-3,Non Demented,OAS1_0318,MR1,mpr-3,1,1,0,7,1,0,35,1,0,139,1,0,398,1,0,822
OAS1_0319|MR1|mpr-1,Non Demented,OAS1_0319,MR1,mpr-1,1,0,0,0,1,0,10,1,0,42,1,0,129,1,0,443
OAS1_0319|MR1|mpr-4,Non Demented,OAS1_0319,MR1,mpr-4,1,0,0,0,1,0,9,1,0,98,1,0,476,1,0,1088
OAS1_0321|MR1|mpr-2,Non Demented,OAS1_0321,MR1,mpr-2,1,1,0,94,1,0,391,1,0,932,1,0,1409,1,0,1661
OAS1_0322|MR1|mpr-3,Non Demented,OAS1_0322,MR1,mpr-3,1,1,0,11,1,0,117,1,0,518,1,0,1129,1,0,1568
OAS1_0322|MR1|mpr-4,Non Demented,OAS1_0322,MR1,mpr-4,1,1,0,12,1,0,110,1,0,488,1,0,1146,1,0,1583
OAS1_0323|MR1|mpr-1,Non Demented,OAS1_0323,MR1,mpr-1,1,1,0,63,1,0,368,1,0,883,1,0,1363,1,0,1632
OAS1_0323|MR1|mpr-3,Non Demented,OAS1_0323,MR1,mpr-3,1,1,0,11,1,0,135,1,0,466,1,0,1244,1,0,1567
OAS1_0325|MR1|mpr-2,Non Demented,OAS1_0325,MR1,mpr-2,1,1,0,91,1,0,306,1,0,720,1,0,1256,1,0,1555
OAS1_0325|MR1|mpr-3,Non Demented,OAS1_0325,MR1,mpr-3,1,1,0,59,1,0,355,1,0,867,1,0,1317,1,0,1641
OAS1_0326|MR1|mpr-2,Non Demented,OAS1_0326,MR1,mpr-2,1,1,0,1,1,0,4,1,0,78,1,0,430,1,0,976
OAS1_0326|MR1|mpr-4,Non Demented,OAS1_0326,MR1,mpr-4,1,1,0,2,1,0,3,1,0,79,1,0,459,1,0,1024
OAS1_0327|MR1|mpr-1,Non Demented,OAS1_0327,MR1,mpr-1,1,1,0,6,1,0,67,1,0,269,1,0,621,1,0,1205
OAS1_0327|MR1|mpr-4,Non Demented,OAS1_0327,MR1,mpr-4,1,1,0,4,1,0,54,1,0,252,1,0,635,1,0,1182
OAS1_0328|MR1|mpr-1,Non Demented,OAS1_0328,MR1,mpr-1,1,1,0,18,1,0,229,1,0,752,1,0,1287,1,0,1601
OAS1_0328|MR1|mpr-2,Non Demented,OAS1_0328,MR1,mpr-2,1,1,0,44,1,0,361,1,0,811,1,0,1338,1,0,1654
OAS1_0330|MR1|mpr-3,Non Demented,OAS1_0330,MR1,mpr-3,1,1,0,5,1,0,77,1,0,347,1,0,814,1,0,1478
OAS1_0330|MR1|mpr-4,Non Demented,OAS1_0330,MR1,mpr-4,1,1,0,5,1,0,77,1,0,347,1,0,814,1,0,1478
OAS1_0331|MR1|mpr-1,Non Demented,OAS1_0331,MR1,mpr-1,1,0,0,0,1,0,4,1,0,12,1,0,100,1,0,343
OAS1_0331|MR1|mpr-2,Non Demented,OAS1_0331,MR1,mpr-2,1,0,0,0,1,0,1,1,0,22,1,0,160,1,0,620
OAS1_0332|MR1|mpr-3,Non Demented,OAS1_0332,MR1,mpr-3,1,1,0,2,1,0,8,1,0,82,1,0,275,1,0,670
OAS1_0332|MR1|mpr-4,Non Demented,OAS1_0332,MR1,mpr-4,1,0,0,0,1,0,24,1,0,184,1,0,649,1,0,1279
OAS1_0333|MR1|mpr-2,Non Demented,OAS1_0333,MR1,mpr-2,1,1,0,118,1,0,357,1,0,813,1,0,1342,1,0,1599
OAS1_0333|MR1|mpr-3,Non Demented,OAS1_0333,MR1,mpr-3,1,1,0,108,1,0,366,1,0,754,1,0,1263,1,0,1566
OAS1_0336|MR1|mpr-1,Non Demented,OAS1_0336,MR1,mpr-1,1,1,0,7,1,0,53,1,0,117,1,0,302,1,0,603
OAS1_0336|MR1|mpr-4,Non Demented,OAS1_0336,MR1,mpr-4,1,1,0,7,1,0,53,1,0,117,1,0,302,1,0,603
OAS1_0337|MR1|mpr-1,Non Demented,OAS1_0337,MR1,mpr-1,1,1,0,10,1,0,86,1,0,421,1,0,1008,1,0,1464
OAS1_0337|MR1|mpr-2,Non Demented,OAS1_0337,MR1,mpr-2,1,1,0,1,1,0,19,1,0,174,1,0,623,1,0,1176
OAS1_0338|MR1|mpr-3,Non Demented,OAS1_0338,MR1,mpr-3,1,1,0,3,1,0,22,1,0,127,1,0,433,1,0,1013
OAS1_0338|MR1|mpr-4,Non Demented,OAS1_0338,MR1,mpr-4,1,1,0,10,1,0,77,1,0,535,1,0,1276,1,0,1612
OAS1_0340|MR1|mpr-1,Non Demented,OAS1_0340,MR1,mpr-1,1,1,0,99,1,0,424,1,0,891,1,0,1371,1,0,1623
OAS1_0340|MR1|mpr-2,Non Demented,OAS1_0340,MR1,mpr-2,1,1,0,99,1,0,424,1,0,891,1,0,1371,1,0,1623
OAS1_0341|MR1|mpr-3,Non Demented,OAS1_0341,MR1,mpr-3,1,1,0,3,1,0,30,1,0,223,1,0,678,1,0,1260
OAS1_0341|MR1|mpr-4,Non Demented,OAS1_0341,MR1,mpr-4,1,1,0,2,1,0,32,1,0,232,1,0,761,1,0,1384
OAS1_0342|MR1|mpr-1,Non Demented,OAS1_0342,MR1,mpr-1,1,1,0,3,1,0,17,1,0,192,1,0,713,1,0,1514
OAS1_0342|MR1|mpr-4,Non Demented,OAS1_0342,MR1,mpr-4,1,1,0,6,1,0,82,1,0,396,1,0,940,1,0,1590
OAS1_0343|MR1|mpr-2,Non Demented,OAS1_0343,MR1,mpr-2,1,1,0,14,1,0,177,1,0,674,1,0,1271,1,0,1624
OAS1_0343|MR1|mpr-3,Non Demented,OAS1_0343,MR1,mpr-3,1,1,0,10,1,0,177,1,0,771,1,0,1322,1,0,1646
OAS1_0344|MR1|mpr-1,Non Demented,OAS1_0344,MR1,mpr-1,1,1,0,9,1,0,109,1,0,281,1,0,698,1,0,1180
OAS1_0344|MR1|mpr-2,Non Demented,OAS1_0344,MR1,mpr-2,1,1,0,47,1,0,183,1,0,539,1,0,975,1,0,1433
OAS1_0345|MR1|mpr-3,Non Demented,OAS1_0345,MR1,mpr-3,1,1,0,79,1,0,339,1,0,947,1,0,1422,1,0,1689
OAS1_0345|MR1|mpr-4,Non Demented,OAS1_0345,MR1,mpr-4,1,1,0,37,1,0,267,1,0,861,1,0,1398,1,0,1642
OAS1_0346|MR1|mpr-1,Non Demented,OAS1_0346,MR1,mpr-1,1,1,0,3,1,0,24,1,0,181,1,0,600,1,0,1181
OAS1_0346|MR1|mpr-3,Non Demented,OAS1_0346,MR1,mpr-3,1,1,0,2,1,0,30,1,0,136,1,0,492,1,0,1008
OAS1_0348|MR1|mpr-2,Non Demented,OAS1_0348,MR1,mpr-2,1,1,0,26,1,0,242,1,0,734,1,0,1362,1,0,1626
OAS1_0348|MR1|mpr-4,Non Demented,OAS1_0348,MR1,mpr-4,1,1,0,26,1,0,242,1,0,734,1,0,1362,1,0,1626
OAS1_0349|MR1|mpr-3,Non Demented,OAS1_0349,MR1,mpr-3,1,1,0,103,1,0,359,1,0,787,1,0,1266,1,0,1574
OAS1_0350|MR1|mpr-1,Non Demented,OAS1_0350,MR1,mpr-1,1,1,0,2,1,0,10,1,0,107,1,0,387,1,0,900
OAS1_0350|MR1|mpr-4,Non Demented,OAS1_0350,MR1,mpr-4,1,1,0,1,1,0,11,1,0,48,1,0,182,1,0,504
OAS1_0353|MR2|mpr-3,Non Demented,OAS1_0353,MR2,mpr-3,1,1,0,89,1,0,408,1,0,953,1,0,1406,1,0,1662
OAS1_0353|MR2|mpr-4,Non Demented,OAS1_0353,MR2,mpr-4,1,1,0,89,1,0,408,1,0,953,1,0,1406,1,0,1662
OAS1_0354|MR1|mpr-1,Non Demented,OAS1_0354,MR1,mpr-1,1,1,0,1,1,0,2,1,0,31,1,0,197,1,0,560
OAS1_0354|MR1|mpr-2,Non Demented,OAS1_0354,MR1,mpr-2,1,1,0,1,1,0,2,1,0,31,1,0,197,1,0,560
OAS1_0355|MR1|mpr-3,Non Demented,OAS1_0355,MR1,mpr-3,1,1,0,8,1,0,139,1,0,602,1,0,1324,1,0,1629
OAS1_0355|MR1|mpr-4,Non Demented,OAS1_0355,MR1,mpr-4,1,1,0,3,1,0,83,1,0,549,1,0,1277,1,0,1605
OAS1_0356|MR1|mpr-2,Non Demented,OAS1_0356,MR1,mpr-2,1,1,0,9,1,0,113,1,0,452,1,0,1030,1,0,1584
OAS1_0356|MR1|mpr-4,Non Demented,OAS1_0356,MR1,mpr-4,1,1,0,9,1,0,113,1,0,452,1,0,1030,1,0,1584
OAS1_0357|MR1|mpr-2,Non Demented,OAS1_0357,MR1,mpr-2,1,1,0,40,1,0,317,1,0,747,1,0,1288,1,0,1572
OAS1_0357|MR1|mpr-3,Non Demented,OAS1_0357,MR1,mpr-3,1,1,0,40,1,0,317,1,0,747,1,0,1288,1,0,1572
OAS1_0358|MR1|mpr-1,Non Demented,OAS1_0358,MR1,mpr-1,1,1,0,15,1,0,308,1,0,670,1,0,1272,1,0,1583
OAS1_0358|MR1|mpr-2,Non Demented,OAS1_0358,MR1,mpr-2,1,1,0,32,1,0,127,1,0,595,1,0,1213,1,0,1564
OAS1_0359|MR1|mpr-1,Non Demented,OAS1_0359,MR1,mpr-1,1,1,0,1,1,0,13,1,0,66,1,0,273,1,0,623
OAS1_0359|MR1|mpr-3,Non Demented,OAS1_0359,MR1,mpr-3,1,0,0,0,1,0,6,1,0,120,1,0,467,1,0,951
OAS1_0361|MR1|mpr-3,Non Demented,OAS1_0361,MR1,mpr-3,1,1,0,46,1,0,301,1,0,838,1,0,1387,1,0,1670
OAS1_0361|MR1|mpr-4,Non Demented,OAS1_0361,MR1,mpr-4,1,1,0,68,1,0,345,1,0,862,1,0,1346,1,0,1618
OAS1_0363|MR1|mpr-2,Non Demented,OAS1_0363,MR1,mpr-2,1,1,0,15,1,0,200,1,0,723,1,0,1387,1,0,1665
OAS1_0365|MR1|mpr-1,Non Demented,OAS1_0365,MR1,mpr-1,1,1,0,1,1,0,1,1,0,10,1,0,98,1,0,257
OAS1_0365|MR1|mpr-4,Non Demented,OAS1_0365,MR1,mpr-4,1,1,0,1,1,0,1,1,0,10,1,0,99,1,0,279
OAS1_0366|MR1|mpr-3,Non Demented,OAS1_0366,MR1,mpr-3,1,1,0,16,1,0,133,1,0,643,1,0,1326,1,0,1629
OAS1_0366|MR1|mpr-4,Non Demented,OAS1_0366,MR1,mpr-4,1,1,0,11,1,0,170,1,0,581,1,0,1326,1,0,1650
OAS1_0367|MR1|mpr-1,Non Demented,OAS1_0367,MR1,mpr-1,1,1,0,17,1,0,163,1,0,675,1,0,1276,1,0,1624
OAS1_0367|MR1|mpr-2,Non Demented,OAS1_0367,MR1,mpr-2,1,1,0,22,1,0,160,1,0,717,1,0,1291,1,0,1648
OAS1_0368|MR2|mpr-2,Non Demented,OAS1_0368,MR2,mpr-2,1,0,0,0,1,0,1,1,0,9,1,0,155,1,0,516
OAS1_0368|MR2|mpr-3,Non Demented,OAS1_0368,MR2,mpr-3,1,0,0,0,1,0,1,1,0,1,1,0,2,1,0,58
OAS1_0369|MR1|mpr-1,Non Demented,OAS1_0369,MR1,mpr-1,1,1,0,15,1,0,217,1,0,654,1,0,1204,1,0,1559
OAS1_0369|MR1|mpr-2,Non Demented,OAS1_0369,MR1,mpr-2,1,1,0,42,1,0,209,1,0,654,1,0,1349,1,0,1681
OAS1_0370|MR1|mpr-1,Non Demented,OAS1_0370,MR1,mpr-1,1,1,0,109,1,0,359,1,0,795,1,0,1301,1,0,1591
OAS1_0370|MR1|mpr-3,Non Demented,OAS1_0370,MR1,mpr-3,1,1,0,109,1,0,359,1,0,795,1,0,1301,1,0,1591
OAS1_0371|MR1|mpr-3,Non Demented,OAS1_0371,MR1,mpr-3,1,1,0,1,1,0,13,1,0,113,1,0,415,1,0,998
OAS1_0371|MR1|mpr-4,Non Demented,OAS1_0371,MR1,mpr-4,1,1,0,1,1,0,11,1,0,103,1,0,441,1,0,1036
OAS1_0372|MR1|mpr-1,Non Demented,OAS1_0372,MR1,mpr-1,1,1,0,1,1,0,69,1,0,366,1,0,872,1,0,1331
OAS1_0372|MR1|mpr-2,Non Demented,OAS1_0372,MR1,mpr-2,1,1,0,1,1,0,19,1,0,242,1,0,894,1,0,1380
OAS1_0375|MR1|mpr-2,Non Demented,OAS1_0375,MR1,mpr-2,1,1,0,1,1,0,2,1,0,19,1,0,109,1,0,313
OAS1_0375|MR1|mpr-4,Non Demented,OAS1_0375,MR1,mpr-4,1,1,0,1,1,0,8,1,0,60,1,0,229,1,0,529
OAS1_0376|MR1|mpr-3,Non Demented,OAS1_0376,MR1,mpr-3,1,1,0,6,1,0,105,1,0,582,1,0,1275,1,0,1624
OAS1_0376|MR1|mpr-4,Non Demented,OAS1_0376,MR1,mpr-4,1,0,0,0,1,0,14,1,0,76,1,0,268,1,0,772
OAS1_0377|MR1|mpr-3,Non Demented,OAS1_0377,MR1,mpr-3,1,1,0,2,1,0,24,1,0,101,1,0,325,1,0,750
OAS1_0377|MR1|mpr-4,Non Demented,OAS1_0377,MR1,mpr-4,1,1,0,5,1,0,28,1,0,121,1,0,358,1,0,833
OAS1_0378|MR1|mpr-1,Non Demented,OAS1_0378,MR1,mpr-1,1,1,0,2,1,0,48,1,0,505,1,0,1290,1,0,1628
OAS1_0378|MR1|mpr-2,Non Demented,OAS1_0378,MR1,mpr-2,1,0,0,0,0,0,0,1,0,26,1,0,248,1,0,722
OAS1_0379|MR2|mpr-1,Non Demented,OAS1_0379,MR2,mpr-1,1,1,0,78,1,0,390,1,0,857,1,0,1344,1,0,1629
OAS1_0381|MR1|mpr-1,Non Demented,OAS1_0381,MR1,mpr-1,1,0,0,0,1,0,1,1,0,1,1,0,4,1,0,25
OAS1_0381|MR1|mpr-2,Non Demented,OAS1_0381,MR1,mpr-2,1,0,0,0,1,0,1,1,0,1,1,0,6,1,0,48
OAS1_0003|MR1|mpr-1,Very Mild Demented,OAS1_0003,MR1,mpr-1,2,2,0,46,2,0,263,2,0,839,2,1,1829,2,1,2536
OAS1_0003|MR1|mpr-2,Very Mild Demented,OAS1_0003,MR1,mpr-2,2,1,0,42,2,0,281,2,0,768,2,1,1706,2,1,2444
OAS1_0003|MR1|mpr-3,Very Mild Demented,OAS1_0003,MR1,mpr-3,2,2,0,37,2,0,280,2,1,845,2,1,1809,2,1,2544
OAS1_0003|MR1|mpr-4,Very Mild Demented,OAS1_0003,MR1,mpr-4,2,2,1,95,2,1,468,2,1,1350,2,1,2774,2,1,3359
OAS1_0015|MR1|mpr-1,Very Mild Demented,OAS1_0015,MR1,mpr-1,3,2,0,3,3,0,84,3,1,634,3,2,1849,3,3,3354
OAS1_0015|MR1|mpr-2,Very Mild Demented,OAS1_0015,MR1,mpr-2,3,3,0,4,3,0,141,3,1,806,3,1,2092,3,2,3236
OAS1_0015|MR1|mpr-3,Very Mild Demented,OAS1_0015,MR1,mpr-3,3,1,0,1,3,0,47,3,0,353,3,0,1444,3,1,3525
OAS1_0016|MR1|mpr-1,Very Mild Demented,OAS1_0016,MR1,mpr-1,3,3,0,52,3,1,502,3,2,1917,3,3,3881,3,3,4825
OAS1_0016|MR1|mpr-2,Very Mild Demented,OAS1_0016,MR1,mpr-2,3,3,0,45,3,1,503,3,2,2078,3,3,3923,3,3,4894
OAS1_0016|MR1|mpr-3,Very Mild Demented,OAS1_0016,MR1,mpr-3,3,3,0,40,3,1,420,3,2,1635,3,3,3922,3,3,4822
OAS1_0021|MR1|mpr-1,Very Mild Demented,OAS1_0021,MR1,mpr-1,2,0,0,0,2,0,5,2,0,48,2,0,273,2,0,909
OAS1_0021|MR1|mpr-2,Very Mild Demented,OAS1_0021,MR1,mpr-2,2,1,0,1,2,0,3,2,0,4,2,0,11,2,0,72
OAS1_0021|MR1|mpr-3,Very Mild Demented,OAS1_0021,MR1,mpr-3,2,2,0,2,2,0,3,2,0,11,2,1,67,2,1,363
OAS1_0021|MR1|mpr-4,Very Mild Demented,OAS1_0021,MR1,mpr-4,3,1,0,1,3,0,4,3,0,14,3,0,80,3,1,430
OAS1_0022|MR1|mpr-1,Very Mild Demented,OAS1_0022,MR1,mpr-1,2,2,1,72,2,1,462,2,1,1454,2,1,2607,2,1,3205
OAS1_0022|MR1|mpr-2,Very Mild Demented,OAS1_0022,MR1,mpr-2,2,2,0,27,2,0,288,2,1,1035,2,1,2066,2,1,3046
OAS1_0022|MR1|mpr-3,Very Mild Demented,OAS1_0022,MR1,mpr-3,2,2,0,41,2,1,360,2,1,1345,2,1,2607,2,1,3232
OAS1_0022|MR1|mpr-4,Very Mild Demented,OAS1_0022,MR1,mpr-4,3,3,1,43,3,2,495,3,3,1773,3,3,3378,3,3,4678
OAS1_0023|MR1|mpr-1,Very Mild Demented,OAS1_0023,MR1,mpr-1,2,2,0,20,2,0,360,2,1,1321,2,1,2548,2,1,3204
OAS1_0023|MR1|mpr-2,Very Mild Demented,OAS1_0023,MR1,mpr-2,2,2,0,2,2,0,41,2,0,580,2,0,1612,2,1,2629
OAS1_0023|MR1|mpr-3,Very Mild Demented,OAS1_0023,MR1,mpr-3,2,1,0,8,1,0,98,2,0,502,2,0,1511,2,0,2388
OAS1_0023|MR1|mpr-4,Very Mild Demented,OAS1_0023,MR1,mpr-4,3,2,0,15,3,0,268,3,0,1005,3,1,2560,3,3,4340
OAS1_0039|MR1|mpr-1,Very Mild Demented,OAS1_0039,MR1,mpr-1,3,3,0,11,3,0,173,3,0,781,3,1,2414,3,2,3871
OAS1_0039|MR1|mpr-2,Very Mild Demented,OAS1_0039,MR1,mpr-2,3,3,0,14,3,1,257,3,1,1015,3,2,2810,3,3,3971
OAS1_0039|MR1|mpr-3,Very Mild Demented,OAS1_0039,MR1,mpr-3,3,3,0,29,3,0,364,3,1,1233,3,2,2944,3,2,4117
OAS1_0041|MR1|mpr-1,Very Mild Demented,OAS1_0041,MR1,mpr-1,2,2,0,99,2,1,495,2,1,1555,2,1,2628,2,1,3217
OAS1_0041|MR1|mpr-2,Very Mild Demented,OAS1_0041,MR1,mpr-2,2,2,0,39,2,0,363,2,1,1510,2,1,2634,2,1,3253
OAS1_0041|MR1|mpr-3,Very Mild Demented,OAS1_0041,MR1,mpr-3,2,2,1,31,2,1,464,2,1,1460,2,1,2537,2,1,3188
OAS1_0041|MR1|mpr-4,Very Mild Demented,OAS1_0041,MR1,mpr-4,3,3,1,45,3,3,699,3,3,2217,3,3,3838,3,3,4817
OAS1_0042|MR1|mpr-1,Very Mild Demented,OAS1_0042,MR1,mpr-1,2,1,0,3,2,0,40,2,0,393,2,0,1137,2,1,2402
OAS1_0042|MR1|mpr-2,Very Mild Demented,OAS1_0042,MR1,mpr-2,2,2,0,23,2,0,281,2,1,1255,2,1,2699,2,1,3300
OAS1_0042|MR1|mpr-3,Very Mild Demented,OAS1_0042,MR1,mpr-3,2,0,0,0,2,0,28,2,0,457,2,0,1492,2,1,2771
OAS1_0042|MR1|mpr-4,Very Mild Demented,OAS1_0042,MR1,mpr-4,3,2,0,47,3,0,376,3,3,1548,3,3,3193,3,3,4758
OAS1_0046|MR1|mpr-1,Very Mild Demented,OAS1_0046,MR1,mpr-1,2,2,0,17,2,0,269,2,0,1260,2,1,2246,2,1,3226
OAS1_0046|MR1|mpr-2,Very Mild Demented,OAS1_0046,MR1,mpr-2,2,2,0,23,2,0,218,2,0,1067,2,1,2237,2,1,3219
OAS1_0046|MR1|mpr-3,Very Mild Demented,OAS1_0046,MR1,mpr-3,2,2,0,25,2,1,280,2,1,1163,2,1,2300,2,1,3275
OAS1_0046|MR1|mpr-4,Very Mild Demented,OAS1_0046,MR1,mpr-4,3,2,0,20,3,0,215,3,1,1129,3,2,2480,3,2,3901
OAS1_0060|MR1|mpr-1,Very Mild Demented,OAS1_0060,MR1,mpr-1,2,2,0,49,2,0,424,2,1,1538,2,1,2814,2,1,3346
OAS1_0060|MR1|mpr-2,Very Mild Demented,OAS1_0060,MR1,mpr-2,2,2,0,31,2,1,343,2,1,1220,2,1,2649,2,1,3269
OAS1_0060|MR1|mpr-3,Very Mild Demented,OAS1_0060,MR1,mpr-3,2,2,0,28,2,0,273,2,1,1214,2,1,2490,2,1,3200
OAS1_0060|MR1|mpr-4,Very Mild Demented,OAS1_0060,MR1,mpr-4,2,2,1,22,2,1,284,2,1,1224,2,1,2581,2,1,3272
OAS1_0066|MR1|mpr-1,Very Mild Demented,OAS1_0066,MR1,mpr-1,2,2,1,235,2,1,708,2,1,1439,2,1,2477,2,1,3090
OAS1_0066|MR1|mpr-2,Very Mild Demented,OAS1_0066,MR1,mpr-2,2,2,1,256,2,1,686,2,1,1372,2,1,2430,2,1,3050
OAS1_0066|MR1|mpr-3,Very Mild Demented,OAS1_0066,MR1,mpr-3,2,2,1,256,2,1,686,2,1,1372,2,1,2430,2,1,3050
OAS1_0066|MR1|mpr-4,Very Mild Demented,OAS1_0066,MR1,mpr-4,2,2,1,256,2,1,686,2,1,1372,2,1,2430,2,1,3050
OAS1_0082|MR1|mpr-1,Very Mild Demented,OAS1_0082,MR1,mpr-1,2,1,0,14,2,0,188,2,0,657,2,1,1601,2,1,2522
OAS1_0082|MR1|mpr-2,Very Mild Demented,OAS1_0082,MR1,mpr-2,2,2,0,4,2,0,58,2,0,291,2,0,1124,2,1,2515
OAS1_0082|MR1|mpr-3,Very Mild Demented,OAS1_0082,MR1,mpr-3,2,2,0,7,2,0,75,2,0,459,2,0,1631,2,1,2610
OAS1_0082|MR1|mpr-4,Very Mild Demented,OAS1_0082,MR1,mpr-4,3,3,0,4,3,0,30,3,1,408,3,2,1683,3,3,3712
OAS1_0084|MR1|mpr-1,Very Mild Demented,OAS1_0084,MR1,mpr-1,2,1,0,2,2,0,4,2,0,48,2,1,355,2,1,1222
OAS1_0084|MR1|mpr-2,Very Mild Demented,OAS1_0084,MR1,mpr-2,2,2,0,12,2,0,116,2,0,604,2,1,1488,2,1,2244
OAS1_0084|MR1|mpr-3,Very Mild Demented,OAS1_0084,MR1,mpr-3,2,1,0,2,1,0,10,2,0,52,2,1,237,2,1,689
OAS1_0084|MR1|mpr-4,Very Mild Demented,OAS1_0084,MR1,mpr-4,3,1,0,8,3,0,93,3,1,608,3,2,1815,3,3,2938
OAS1_0094|MR1|mpr-1,Very Mild Demented,OAS1_0094,MR1,mpr-1,2,2,0,4,2,0,30,2,1,152,2,1,600,2,1,1523
OAS1_0094|MR1|mpr-2,Very Mild Demented,OAS1_0094,MR1,mpr-2,2,2,0,5,2,0,26,2,1,143,2,1,505,2,1,1286
OAS1_0094|MR1|mpr-3,Very Mild Demented,OAS1_0094,MR1,mpr-3,2,2,0,4,2,1,18,2,1,146,2,1,532,2,1,1315
OAS1_0094|MR1|mpr-4,Very Mild Demented,OAS1_0094,MR1,mpr-4,3,3,0,10,3,0,136,3,2,581,3,2,1549,3,3,2855
OAS1_0098|MR1|mpr-1,Very Mild Demented,OAS1_0098,MR1,mpr-1,2,1,0,4,2,0,51,2,0,342,2,0,1031,2,0,2049
OAS1_0098|MR1|mpr-2,Very Mild Demented,OAS1_0098,MR1,mpr-2,2,1,0,32,2,0,221,2,0,837,2,1,1606,2,1,2478
OAS1_0098|MR1|mpr-3,Very Mild Demented,OAS1_0098,MR1,mpr-3,2,1,0,3,2,1,74,2,1,522,2,1,1731,2,1,3012
OAS1_0098|MR1|mpr-4,Very Mild Demented,OAS1_0098,MR1,mpr-4,2,1,0,3,2,0,56,2,0,321,2,0,958,2,1,1891
OAS1_0115|MR1|mpr-1,Very Mild Demented,OAS1_0115,MR1,mpr-1,3,3,0,8,3,1,121,3,1,1005,3,3,2677,3,3,4371
OAS1_0115|MR1|mpr-2,Very Mild Demented,OAS1_0115,MR1,mpr-2,2,2,0,3,2,0,8,2,0,133,2,0,863,2,1,2210
OAS1_0115|MR1|mpr-3,Very Mild Demented,OAS1_0115,MR1,mpr-3,2,2,0,3,2,0,28,2,0,276,2,0,1299,2,1,2748
OAS1_0115|MR1|mpr-4,Very Mild Demented,OAS1_0115,MR1,mpr-4,2,1,0,1,2,0,71,2,0,574,2,1,1711,2,1,2648
OAS1_0120|MR1|mpr-1,Very Mild Demented,OAS1_0120,MR1,mpr-1,2,1,0,5,1,0,17,2,0,80,2,0,250,2,0,628
OAS1_0120|MR1|mpr-2,Very Mild Demented,OAS1_0120,MR1,mpr-2,2,1,0,2,1,0,12,2,0,44,2,0,192,2,0,1463
OAS1_0120|MR1|mpr-3,Very Mild Demented,OAS1_0120,MR1,mpr-3,2,1,0,5,1,0,17,2,0,85,2,0,379,2,0,1258
OAS1_0120|MR1|mpr-4,Very Mild Demented,OAS1_0120,MR1,mpr-4,3,1,0,5,2,0,42,2,0,278,3,0,921,3,1,2142
OAS1_0123|MR1|mpr-1,Very Mild Demented,OAS1_0123,MR1,mpr-1,2,2,0,107,2,1,612,2,1,1711,2,1,2695,2,1,3278
OAS1_0123|MR1|mpr-2,Very Mild Demented,OAS1_0123,MR1,mpr-2,2,2,0,117,2,0,618,2,1,1626,2,1,2641,2,1,3218
OAS1_0123|MR1|mpr-3,Very Mild Demented,OAS1_0123,MR1,mpr-3,2,2,0,27,2,1,375,2,1,1568,2,1,2585,2,1,3242
OAS1_0123|MR1|mpr-4,Very Mild Demented,OAS1_0123,MR1,mpr-4,2,2,0,48,2,0,466,2,1,1582,2,1,2606,2,1,3212
OAS1_0124|MR1|mpr-1,Very Mild Demented,OAS1_0124,MR1,mpr-1,2,0,0,0,2,0,6,2,0,72,2,1,396,2,1,1230
OAS1_0124|MR1|mpr-2,Very Mild Demented,OAS1_0124,MR1,mpr-2,2,1,0,1,2,0,3,2,0,27,2,0,224,2,1,884
OAS1_0124|MR1|mpr-3,Very Mild Demented,OAS1_0124,MR1,mpr-3,2,1,0,1,2,0,8,2,0,146,2,0,557,2,0,1536
OAS1_0124|MR1|mpr-4,Very Mild Demented,OAS1_0124,MR1,mpr-4,2,0,0,0,1,0,3,2,0,40,2,0,136,2,0,505
OAS1_0142|MR1|mpr-1,Very Mild Demented,OAS1_0142,MR1,mpr-1,2,2,0,42,2,0,401,2,1,1273,2,1,2568,2,1,3173
OAS1_0142|MR1|mpr-2,Very Mild Demented,OAS1_0142,MR1,mpr-2,3,3,0,65,3,1,632,3,3,2076,3,3,3895,3,3,4807
OAS1_0142|MR1|mpr-3,Very Mild Demented,OAS1_0142,MR1,mpr-3,2,2,0,50,2,1,402,2,1,1314,2,1,2484,2,1,3100
OAS1_0142|MR1|mpr-4,Very Mild Demented,OAS1_0142,MR1,mpr-4,2,1,0,10,2,0,104,2,0,691,2,0,1769,2,1,2850
OAS1_0143|MR1|mpr-1,Very Mild Demented,OAS1_0143,MR1,mpr-1,2,2,0,13,2,0,125,2,0,820,2,0,2062,2,1,2930
OAS1_0143|MR1|mpr-2,Very Mild Demented,OAS1_0143,MR1,mpr-2,2,2,0,5,2,0,47,2,0,437,2,0,1697,2,0,2778
OAS1_0143|MR1|mpr-3,Very Mild Demented,OAS1_0143,MR1,mpr-3,3,3,0,15,3,0,158,3,1,774,3,2,2398,3,3,4048
OAS1_0143|MR1|mpr-4,Very Mild Demented,OAS1_0143,MR1,mpr-4,2,1,0,110,2,0,372,2,0,837,2,1,1899,2,1,2837
OAS1_0155|MR1|mpr-1,Very Mild Demented,OAS1_0155,MR1,mpr-1,3,3,0,12,3,0,78,3,0,378,3,0,1220,3,1,2886
OAS1_0155|MR1|mpr-2,Very Mild Demented,OAS1_0155,MR1,mpr-2,2,2,0,4,2,0,28,2,0,155,2,0,614,2,1,1375
OAS1_0155|MR1|mpr-3,Very Mild Demented,OAS1_0155,MR1,mpr-3,2,2,0,9,2,0,74,2,0,361,2,0,1131,2,0,2469
OAS1_0155|MR1|mpr-4,Very Mild Demented,OAS1_0155,MR1,mpr-4,2,1,0,2,2,0,27,2,0,192,2,1,637,2,1,1463
OAS1_0158|MR1|mpr-1,Very Mild Demented,OAS1_0158,MR1,mpr-1,2,2,0,87,2,1,383,2,1,1119,2,1,2610,2,1,3230
OAS1_0158|MR1|mpr-2,Very Mild Demented,OAS1_0158,MR1,mpr-2,2,1,0,38,2,0,240,2,0,641,2,1,1609,2,1,2423
OAS1_0158|MR1|mpr-3,Very Mild Demented,OAS1_0158,MR1,mpr-3,3,3,0,77,3,0,370,3,2,1187,3,2,2714,3,2,4355
OAS1_0158|MR1|mpr-4,Very Mild Demented,OAS1_0158,MR1,mpr-4,2,2,0,14,2,0,193,2,0,894,2,1,2174,2,1,3138
OAS1_0161|MR1|mpr-1,Very Mild Demented,OAS1_0161,MR1,mpr-1,2,2,0,119,2,1,488,2,1,1529,2,1,2547,2,1,3169
OAS1_0161|MR1|mpr-2,Very Mild Demented,OAS1_0161,MR1,mpr-2,2,2,0,56,2,0,405,2,1,1389,2,1,2490,2,1,3132
OAS1_0161|MR1|mpr-3,Very Mild Demented,OAS1_0161,MR1,mpr-3,2,2,0,127,2,1,518,2,1,1568,2,1,2560,2,1,3181
OAS1_0161|MR1|mpr-4,Very Mild Demented,OAS1_0161,MR1,mpr-4,2,2,0,127,2,1,518,2,1,1568,2,1,2560,2,1,3181
OAS1_0164|MR1|mpr-1,Very Mild Demented,OAS1_0164,MR1,mpr-1,2,2,1,8,2,1,127,2,1,719,2,1,1820,2,1,2952
OAS1_0164|MR1|mpr-2,Very Mild Demented,OAS1_0164,MR1,mpr-2,2,2,0,103,2,1,480,2,1,1095,2,1,2004,2,1,2743
OAS1_0164|MR1|mpr-3,Very Mild Demented,OAS1_0164,MR1,mpr-3,2,2,0,102,2,0,441,2,1,1025,2,1,1867,2,1,2689
OAS1_0164|MR1|mpr-4,Very Mild Demented,OAS1_0164,MR1,mpr-4,2,2,0,9,2,0,227,2,0,1050,2,1,2063,2,1,2991
OAS1_0166|MR1|mpr-1,Very Mild Demented,OAS1_0166,MR1,mpr-1,2,2,0,5,2,1,181,2,1,857,2,1,2020,2,1,2847
OAS1_0166|MR1|mpr-2,Very Mild Demented,OAS1_0166,MR1,mpr-2,2,2,0,12,2,1,265,2,1,1211,2,1,2444,2,1,3077
OAS1_0166|MR1|mpr-3,Very Mild Demented,OAS1_0166,MR1,mpr-3,2,2,0,22,2,1,235,2,1,897,2,1,1942,2,1,2840
OAS1_0166|MR1|mpr-4,Very Mild Demented,OAS1_0166,MR1,mpr-4,2,2,0,9,2,0,229,2,1,1272,2,1,2517,2,1,3153
OAS1_0179|MR1|mpr-1,Very Mild Demented,OAS1_0179,MR1,mpr-1,2,2,0,18,2,0,216,2,0,896,2,1,2406,2,1,3046
OAS1_0179|MR1|mpr-2,Very Mild Demented,OAS1_0179,MR1,mpr-2,2,2,0,34,2,0,229,2,0,1030,2,1,2371,2,1,3048
OAS1_0179|MR1|mpr-3,Very Mild Demented,OAS1_0179,MR1,mpr-3,2,2,0,49,2,0,273,2,0,1165,2,1,2401,2,1,3098
OAS1_0179|MR1|mpr-4,Very Mild Demented,OAS1_0179,MR1,mpr-4,2,2,1,72,2,1,290,2,1,1213,2,1,2352,2,1,3060
OAS1_0205|MR1|mpr-1,Very Mild Demented,OAS1_0205,MR1,mpr-1,2,2,0,3,2,0,11,2,0,52,2,0,405,2,1,1271
OAS1_0205|MR1|mpr-2,Very Mild Demented,OAS1_0205,MR1,mpr-2,3,1,0,2,3,0,23,3,0,202,3,0,852,3,1,2212
OAS1_0205|MR1|mpr-3,Very Mild Demented,OAS1_0205,MR1,mpr-3,2,2,0,6,2,0,14,2,0,75,2,0,300,2,0,1057
OAS1_0205|MR1|mpr-4,Very Mild Demented,OAS1_0205,MR1,mpr-4,2,2,0,5,2,0,11,2,0,71,2,0,403,2,0,1404
OAS1_0210|MR1|mpr-1,Very Mild Demented,OAS1_0210,MR1,mpr-1,2,1,0,2,2,0,9,2,0,22,2,0,140,2,0,583
OAS1_0210|MR1|mpr-2,Very Mild Demented,OAS1_0210,MR1,mpr-2,2,1,0,1,2,0,3,2,0,44,2,0,345,2,0,1274
OAS1_0210|MR1|mpr-3,Very Mild Demented,OAS1_0210,MR1,mpr-3,2,1,0,2,2,0,4,2,0,35,2,0,231,2,0,849
OAS1_0210|MR1|mpr-4,Very Mild Demented,OAS1_0210,MR1,mpr-4,3,2,0,4,3,0,22,3,0,212,3,0,913,3,2,2528
OAS1_0217|MR1|mpr-1,Very Mild Demented,OAS1_0217,MR1,mpr-1,2,2,0,10,2,0,89,2,1,605,2,1,1673,2,1,2928
OAS1_0217|MR1|mpr-2,Very Mild Demented,OAS1_0217,MR1,mpr-2,2,2,0,7,2,0,113,2,1,897,2,1,2572,2,1,3233
OAS1_0217|MR1|mpr-3,Very Mild Demented,OAS1_0217,MR1,mpr-3,3,3,0,39,3,0,363,3,2,1817,3,3,3846,3,3,4801
OAS1_0217|MR1|mpr-4,Very Mild Demented,OAS1_0217,MR1,mpr-4,2,2,0,22,2,0,109,2,0,850,2,1,2515,2,1,3209
OAS1_0226|MR1|mpr-1,Very Mild Demented,OAS1_0226,MR1,mpr-1,3,3,0,55,3,0,326,3,1,1335,3,2,3190,3,3,4513
OAS1_0226|MR1|mpr-2,Very Mild Demented,OAS1_0226,MR1,mpr-2,2,2,0,30,2,1,405,2,1,1384,2,1,2621,2,1,3232
OAS1_0226|MR1|mpr-3,Very Mild Demented,OAS1_0226,MR1,mpr-3,2,2,0,22,2,0,254,2,1,918,2,1,2162,2,1,3092
OAS1_0226|MR1|mpr-4,Very Mild Demented,OAS1_0226,MR1,mpr-4,2,2,0,5,2,1,102,2,1,613,2,1,1856,2,1,2987
OAS1_0233|MR1|mpr-1,Very Mild Demented,OAS1_0233,MR1,mpr-1,2,2,0,143,2,0,629,2,1,1655,2,1,2820,2,1,3323
OAS1_0233|MR1|mpr-2,Very Mild Demented,OAS1_0233,MR1,mpr-2,2,2,0,123,2,0,595,2,1,1624,2,1,2776,2,1,3291
OAS1_0233|MR1|mpr-3,Very Mild Demented,OAS1_0233,MR1,mpr-3,2,2,0,66,2,0,442,2,1,1492,2,1,2814,2,1,3390
OAS1_0233|MR1|mpr-4,Very Mild Demented,OAS1_0233,MR1,mpr-4,2,2,0,79,2,0,393,2,1,1329,2,1,2571,2,1,3182
OAS1_0238|MR1|mpr-1,Very Mild Demented,OAS1_0238,MR1,mpr-1,2,2,0,183,2,1,762,2,1,1645,2,1,2632,2,1,3226
OAS1_0238|MR1|mpr-2,Very Mild Demented,OAS1_0238,MR1,mpr-2,2,2,0,173,2,0,720,2,1,1641,2,1,2693,2,1,3241
OAS1_0238|MR1|mpr-3,Very Mild Demented,OAS1_0238,MR1,mpr-3,2,2,0,171,2,0,652,2,1,1563,2,1,2576,2,1,3185
OAS1_0238|MR1|mpr-4,Very Mild Demented,OAS1_0238,MR1,mpr-4,2,2,1,140,2,1,759,2,1,1645,2,1,2661,2,1,3241
OAS1_0240|MR1|mpr-1,Very Mild Demented,OAS1_0240,MR1,mpr-1,3,3,1,103,3,1,766,3,2,2444,3,3,4165,3,3,5015
OAS1_0240|MR1|mpr-2,Very Mild Demented,OAS1_0240,MR1,mpr-2,3,3,0,73,3,1,427,3,1,1702,3,3,3904,3,3,4830
OAS1_0240|MR1|mpr-3,Very Mild Demented,OAS1_0240,MR1,mpr-3,3,3,0,59,3,1,329,3,1,1437,3,1,3296,3,3,4632
OAS1_0243|MR1|mpr-1,Very Mild Demented,OAS1_0243,MR1,mpr-1,2,2,0,7,2,0,150,2,0,668,2,0,1643,2,1,2545
OAS1_0243|MR1|mpr-2,Very Mild Demented,OAS1_0243,MR1,mpr-2,2,2,0,74,2,0,300,2,0,881,2,0,1778,2,1,2691
OAS1_0243|MR1|mpr-3,Very Mild Demented,OAS1_0243,MR1,mpr-3,2,2,0,78,2,0,316,2,0,906,2,0,1816,2,1,2783
OAS1_0243|MR1|mpr-4,Very Mild Demented,OAS1_0243,MR1,mpr-4,3,2,0,79,2,1,433,3,1,1320,3,1,2493,3,2,3413
OAS1_0247|MR1|mpr-1,Very Mild Demented,OAS1_0247,MR1,mpr-1,2,2,0,44,2,0,152,2,0,799,2,1,2416,2,1,3121
OAS1_0247|MR1|mpr-2,Very Mild Demented,OAS1_0247,MR1,mpr-2,2,2,0,22,2,0,188,2,1,917,2,1,2464,2,1,3157
OAS1_0247|MR1|mpr-3,Very Mild Demented,OAS1_0247,MR1,mpr-3,2,2,0,23,2,0,221,2,1,1035,2,1,2499,2,1,3182
OAS1_0247|MR1|mpr-4,Very Mild Demented,OAS1_0247,MR1,mpr-4,2,2,0,26,2,0,243,2,0,1221,2,1,2528,2,1,3224
OAS1_0263|MR1|mpr-1,Very Mild Demented,OAS1_0263,MR1,mpr-1,2,2,0,3,2,0,15,2,0,102,2,0,398,2,0,943
OAS1_0263|MR1|mpr-2,Very Mild Demented,OAS1_0263,MR1,mpr-2,2,1,0,1,1,0,2,2,0,3,2,0,11,2,0,59
OAS1_0263|MR1|mpr-3,Very Mild Demented,OAS1_0263,MR1,mpr-3,2,1,0,1,1,0,2,1,0,29,2,0,158,2,1,547
OAS1_0263|MR1|mpr-4,Very Mild Demented,OAS1_0263,MR1,mpr-4,3,1,0,1,3,0,48,3,0,171,3,1,592,3,1,1388
OAS1_0267|MR1|mpr-1,Very Mild Demented,OAS1_0267,MR1,mpr-1,2,1,0,2,1,0,4,2,0,79,2,1,515,2,1,1159
OAS1_0267|MR1|mpr-2,Very Mild Demented,OAS1_0267,MR1,mpr-2,3,3,0,16,3,0,186,3,0,831,3,1,1897,3,1,3097
OAS1_0267|MR1|mpr-3,Very Mild Demented,OAS1_0267,MR1,mpr-3,3,3,0,55,3,0,203,3,0,648,3,0,1407,3,1,2480
OAS1_0272|MR1|mpr-1,Very Mild Demented,OAS1_0272,MR1,mpr-1,2,1,0,49,2,0,197,2,0,710,2,0,1938,2,0,2837
OAS1_0272|MR1|mpr-2,Very Mild Demented,OAS1_0272,MR1,mpr-2,2,2,0,35,2,0,214,2,0,789,2,0,1957,2,1,2786
OAS1_0272|MR1|mpr-3,Very Mild Demented,OAS1_0272,MR1,mpr-3,2,2,0,15,2,0,183,2,0,734,2,0,1884,2,0,2773
OAS1_0272|MR1|mpr-4,Very Mild Demented,OAS1_0272,MR1,mpr-4,3,3,0,98,3,0,532,3,1,1611,3,2,3388,3,2,4570
OAS1_0273|MR1|mpr-1,Very Mild Demented,OAS1_0273,MR1,mpr-1,3,0,0,0,2,0,4,2,0,49,3,0,284,3,1,965
OAS1_0273|MR1|mpr-2,Very Mild Demented,OAS1_0273,MR1,mpr-2,3,1,0,1,3,0,79,3,1,314,3,3,849,3,3,1800
OAS1_0273|MR1|mpr-3,Very Mild Demented,OAS1_0273,MR1,mpr-3,2,1,0,1,1,0,3,1,0,98,2,0,267,2,0,639
OAS1_0286|MR1|mpr-1,Very Mild Demented,OAS1_0286,MR1,mpr-1,2,2,0,33,2,1,223,2,1,759,2,1,1749,2,1,2912
OAS1_0286|MR1|mpr-2,Very Mild Demented,OAS1_0286,MR1,mpr-2,2,2,0,38,2,0,285,2,1,1048,2,1,2215,2,1,3170
OAS1_0286|MR1|mpr-3,Very Mild Demented,OAS1_0286,MR1,mpr-3,2,2,0,40,2,1,304,2,1,1048,2,1,2290,2,1,3184
OAS1_0286|MR1|mpr-4,Very Mild Demented,OAS1_0286,MR1,mpr-4,3,3,0,28,3,1,274,3,3,1204,3,3,3005,3,3,4532
OAS1_0287|MR1|mpr-1,Very Mild Demented,OAS1_0287,MR1,mpr-1,2,2,0,78,2,0,540,2,1,1688,2,1,2812,2,1,3341
OAS1_0287|MR1|mpr-2,Very Mild Demented,OAS1_0287,MR1,mpr-2,2,2,0,78,2,0,540,2,1,1688,2,1,2812,2,1,3341
OAS1_0287|MR1|mpr-3,Very Mild Demented,OAS1_0287,MR1,mpr-3,2,2,0,76,2,0,497,2,0,1647,2,1,2735,2,1,3312
OAS1_0287|MR1|mpr-4,Very Mild Demented,OAS1_0287,MR1,mpr-4,2,2,0,152,2,0,538,2,1,1401,2,1,2567,2,1,3180
OAS1_0288|MR1|mpr-1,Very Mild Demented,OAS1_0288,MR1,mpr-1,2,2,0,8,2,0,129,2,1,531,2,1,1208,2,1,2397
OAS1_0288|MR1|mpr-2,Very Mild Demented,OAS1_0288,MR1,mpr-2,2,2,0,8,2,0,82,2,0,519,2,1,1332,2,1,2488
OAS1_0288|MR1|mpr-3,Very Mild Demented,OAS1_0288,MR1,mpr-3,2,2,0,7,2,0,63,2,0,448,2,1,1369,2,1,2464
OAS1_0288|MR1|mpr-4,Very Mild Demented,OAS1_0288,MR1,mpr-4,3,2,0,5,3,0,73,3,0,602,3,2,2187,3,3,3945
OAS1_0290|MR1|mpr-1,Very Mild Demented,OAS1_0290,MR1,mpr-1,2,2,0,20,2,0,201,2,0,823,2,1,2141,2,1,3092
OAS1_0290|MR1|mpr-2,Very Mild Demented,OAS1_0290,MR1,mpr-2,2,2,0,3,2,0,21,2,0,179,2,1,788,2,1,1552
OAS1_0290|MR1|mpr-3,Very Mild Demented,OAS1_0290,MR1,mpr-3,2,2,0,4,2,0,36,2,0,239,2,0,870,2,1,1662
OAS1_0290|MR1|mpr-4,Very Mild Demented,OAS1_0290,MR1,mpr-4,2,1,0,12,2,0,120,2,0,721,2,1,1991,2,1,3066
OAS1_0298|MR1|mpr-1,Very Mild Demented,OAS1_0298,MR1,mpr-1,2,2,0,159,2,0,570,2,0,1408,2,1,2562,2,1,3214
OAS1_0298|MR1|mpr-2,Very Mild Demented,OAS1_0298,MR1,mpr-2,2,2,0,149,2,0,508,2,0,1375,2,1,2577,2,1,3216
OAS1_0298|MR1|mpr-3,Very Mild Demented,OAS1_0298,MR1,mpr-3,2,2,0,98,2,0,554,2,1,1543,2,1,2705,2,1,3319
OAS1_0298|MR1|mpr-4,Very Mild Demented,OAS1_0298,MR1,mpr-4,2,2,0,97,2,0,670,2,1,1948,2,1,2768,2,1,3328
OAS1_0300|MR1|mpr-1,Very Mild Demented,OAS1_0300,MR1,mpr-1,2,1,0,1,2,0,4,2,0,82,2,0,555,2,0,1672
OAS1_0300|MR1|mpr-2,Very Mild Demented,OAS1_0300,MR1,mpr-2,2,2,1,6,2,1,149,2,1,935,2,1,2413,2,1,3085
OAS1_0300|MR1|mpr-3,Very Mild Demented,OAS1_0300,MR1,mpr-3,2,1,0,1,1,0,2,2,0,34,2,0,281,2,0,1061
OAS1_0300|MR1|mpr-4,Very Mild Demented,OAS1_0300,MR1,mpr-4,2,1,0,2,2,0,77,2,0,597,2,0,1451,2,0,2183
OAS1_0304|MR1|mpr-1,Very Mild Demented,OAS1_0304,MR1,mpr-1,2,2,0,40,2,0,218,2,0,994,2,0,1893,2,1,2966
OAS1_0304|MR1|mpr-2,Very Mild Demented,OAS1_0304,MR1,mpr-2,2,2,0,12,2,0,90,2,0,459,2,1,1437,2,1,2757
OAS1_0304|MR1|mpr-3,Very Mild Demented,OAS1_0304,MR1,mpr-3,2,2,0,6,2,0,77,2,0,439,2,1,1233,2,1,2754
OAS1_0304|MR1|mpr-4,Very Mild Demented,OAS1_0304,MR1,mpr-4,3,2,0,13,3,1,172,3,1,770,3,1,2278,3,1,4242
OAS1_0307|MR1|mpr-1,Very Mild Demented,OAS1_0307,MR1,mpr-1,2,2,0,3,2,0,47,2,0,139,2,0,597,2,0,1450
OAS1_0307|MR1|mpr-2,Very Mild Demented,OAS1_0307,MR1,mpr-2,2,2,0,3,2,0,55,2,0,174,2,0,676,2,0,1620
OAS1_0307|MR1|mpr-3,Very Mild Demented,OAS1_0307,MR1,mpr-3,2,0,0,0,2,0,7,2,0,71,2,0,365,2,0,1094
OAS1_0307|MR1|mpr-4,Very Mild Demented,OAS1_0307,MR1,mpr-4,3,1,0,3,3,0,53,3,0,187,3,0,851,3,2,2150
OAS1_0312|MR1|mpr-1,Very Mild Demented,OAS1_0312,MR1,mpr-1,2,2,0,21,2,0,173,2,0,812,2,0,2094,2,1,3032
OAS1_0312|MR1|mpr-2,Very Mild Demented,OAS1_0312,MR1,mpr-2,2,2,0,19,2,0,177,2,0,840,2,0,2099,2,1,3007
OAS1_0312|MR1|mpr-3,Very Mild Demented,OAS1_0312,MR1,mpr-3,2,2,0,22,2,0,258,2,0,943,2,0,2049,2,1,3067
OAS1_0312|MR1|mpr-4,Very Mild Demented,OAS1_0312,MR1,mpr-4,3,3,0,4,3,0,93,3,1,623,3,3,2044,3,3,4128
OAS1_0315|MR1|mpr-1,Very Mild Demented,OAS1_0315,MR1,mpr-1,2,2,0,51,2,0,410,2,0,1492,2,1,2635,2,1,3253
OAS1_0315|MR1|mpr-2,Very Mild Demented,OAS1_0315,MR1,mpr-2,2,2,0,5,2,0,96,2,1,799,2,1,2094,2,1,2929
OAS1_0315|MR1|mpr-3,Very Mild Demented,OAS1_0315,MR1,mpr-3,2,0,0,0,2,0,16,2,0,283,2,0,961,2,0,2110
OAS1_0315|MR1|mpr-4,Very Mild Demented,OAS1_0315,MR1,mpr-4,3,3,0,64,3,0,475,3,0,1564,3,2,3342,3,3,4505
OAS1_0329|MR1|mpr-1,Very Mild Demented,OAS1_0329,MR1,mpr-1,2,1,0,4,2,0,113,2,0,729,2,1,1919,2,1,3045
OAS1_0329|MR1|mpr-2,Very Mild Demented,OAS1_0329,MR1,mpr-2,2,2,0,3,2,0,137,2,1,800,2,1,2426,2,1,3166
OAS1_0329|MR1|mpr-3,Very Mild Demented,OAS1_0329,MR1,mpr-3,2,2,0,6,2,0,121,2,0,667,2,1,1919,2,1,3049
OAS1_0329|MR1|mpr-4,Very Mild Demented,OAS1_0329,MR1,mpr-4,2,2,0,4,2,0,82,2,0,644,2,1,1934,2,1,3129
OAS1_0335|MR1|mpr-1,Very Mild Demented,OAS1_0335,MR1,mpr-1,2,2,0,8,2,0,140,2,0,587,2,0,1455,2,0,2340
OAS1_0335|MR1|mpr-2,Very Mild Demented,OAS1_0335,MR1,mpr-2,2,2,0,73,2,0,369,2,1,951,2,1,1740,2,1,2642
OAS1_0335|MR1|mpr-3,Very Mild Demented,OAS1_0335,MR1,mpr-3,2,2,0,6,2,0,103,2,0,544,2,1,1554,2,1,2953
OAS1_0335|MR1|mpr-4,Very Mild Demented,OAS1_0335,MR1,mpr-4,2,2,0,72,2,0,370,2,0,933,2,1,1736,2,1,2506
OAS1_0339|MR1|mpr-1,Very Mild Demented,OAS1_0339,MR1,mpr-1,3,2,0,47,3,1,341,3,2,1513,3,3,3852,3,3,4788
OAS1_0339|MR1|mpr-2,Very Mild Demented,OAS1_0339,MR1,mpr-2,2,2,0,12,2,0,227,2,1,1090,2,1,2535,2,1,3153
OAS1_0339|MR1|mpr-3,Very Mild Demented,OAS1_0339,MR1,mpr-3,2,2,0,25,2,0,320,2,1,1285,2,1,2591,2,1,3279
OAS1_0339|MR1|mpr-4,Very Mild Demented,OAS1_0339,MR1,mpr-4,2,2,0,12,2,0,130,2,0,699,2,1,1817,2,1,3015
OAS1_0352|MR1|mpr-1,Very Mild Demented,OAS1_0352,MR1,mpr-1,2,2,0,71,2,1,437,2,1,1342,2,1,2433,2,1,3100
OAS1_0352|MR1|mpr-2,Very Mild Demented,OAS1_0352,MR1,mpr-2,3,3,0,178,3,1,629,3,3,1912,3,3,3625,3,3,4587
OAS1_0352|MR1|mpr-3,Very Mild Demented,OAS1_0352,MR1,mpr-3,3,3,0,81,3,1,584,3,1,2006,3,3,3787,3,3,4746
OAS1_0362|MR1|mpr-1,Very Mild Demented,OAS1_0362,MR1,mpr-1,2,2,0,118,2,1,665,2,1,1666,2,1,2850,2,1,3368
OAS1_0362|MR1|mpr-2,Very Mild Demented,OAS1_0362,MR1,mpr-2,2,1,0,53,2,1,332,2,1,1205,2,1,2512,2,1,3242
OAS1_0362|MR1|mpr-3,Very Mild Demented,OAS1_0362,MR1,mpr-3,2,2,1,132,2,1,651,2,1,1730,2,1,2874,2,1,3404
OAS1_0362|MR1|mpr-4,Very Mild Demented,OAS1_0362,MR1,mpr-4,3,3,1,171,3,1,828,3,3,2369,3,3,4220,3,3,5073
OAS1_0374|MR1|mpr-1,Very Mild Demented,OAS1_0374,MR1,mpr-1,2,2,0,24,2,0,249,2,0,979,2,1,2288,2,1,3209
OAS1_0374|MR1|mpr-2,Very Mild Demented,OAS1_0374,MR1,mpr-2,2,2,0,21,2,0,221,2,0,888,2,1,2214,2,1,3220
OAS1_0374|MR1|mpr-3,Very Mild Demented,OAS1_0374,MR1,mpr-3,2,2,0,16,2,0,144,2,0,577,2,0,1509,2,0,2227
OAS1_0374|MR1|mpr-4,Very Mild Demented,OAS1_0374,MR1,mpr-4,3,3,0,18,3,0,190,3,1,752,3,1,2010,3,2,3505
OAS1_0380|MR1|mpr-1,Very Mild Demented,OAS1_0380,MR1,mpr-1,2,0,0,0,2,0,9,2,0,109,2,0,646,2,1,1669
OAS1_0380|MR1|mpr-2,Very Mild Demented,OAS1_0380,MR1,mpr-2,2,1,0,3,2,0,72,2,0,426,2,1,1081,2,1,2067
OAS1_0380|MR1|mpr-3,Very Mild Demented,OAS1_0380,MR1,mpr-3,2,2,0,8,2,0,60,2,0,414,2,1,1117,2,1,2150
OAS1_0380|MR1|mpr-4,Very Mild Demented,OAS1_0380,MR1,mpr-4,3,2,0,9,3,0,88,3,1,560,3,2,1722,3,3,3466
OAS1_0028|MR1|mpr-1,Mild Demented,OAS1_0028,MR1,mpr-1,6,5,0,39,6,3,383,6,4,1524,6,8,3726,6,14,6642
OAS1_0028|MR1|mpr-2,Mild Demented,OAS1_0028,MR1,mpr-2,6,6,0,24,6,0,203,6,4,1007,6,7,3043,6,11,6192
OAS1_0028|MR1|mpr-3,Mild Demented,OAS1_0028,MR1,mpr-3,6,5,0,70,6,2,510,6,4,1720,6,7,4390,6,13,7579
OAS1_0028|MR1|mpr-4,Mild Demented,OAS1_0028,MR1,mpr-4,6,6,0,25,6,1,310,6,4,1411,6,7,4003,6,11,7145
OAS1_0031|MR1|mpr-1,Mild Demented,OAS1_0031,MR1,mpr-1,6,6,0,47,6,0,495,6,1,1695,6,6,3553,6,10,5783
OAS1_0031|MR1|mpr-2,Mild Demented,OAS1_0031,MR1,mpr-2,6,6,0,88,6,1,675,6,1,2357,6,8,4801,6,10,6913
OAS1_0031|MR1|mpr-3,Mild Demented,OAS1_0031,MR1,mpr-3,6,6,0,30,6,0,410,6,2,1521,6,5,3224,6,8,4957
OAS1_0031|MR1|mpr-4,Mild Demented,OAS1_0031,MR1,mpr-4,5,4,0,32,5,0,403,5,1,1743,5,3,3621,5,5,5324
OAS1_0035|MR1|mpr-1,Mild Demented,OAS1_0035,MR1,mpr-1,6,4,0,23,6,1,234,6,1,1172,6,3,2937,6,6,4829
OAS1_0035|MR1|mpr-2,Mild Demented,OAS1_0035,MR1,mpr-2,6,5,0,13,5,1,113,6,2,932,6,5,2781,6,6,4841
OAS1_0035|MR1|mpr-3,Mild Demented,OAS1_0035,MR1,mpr-3,6,6,0,18,6,1,154,6,2,957,6,4,2814,6,5,5043
OAS1_0035|MR1|mpr-4,Mild Demented,OAS1_0035,MR1,mpr-4,6,4,0,15,6,0,192,6,1,952,6,3,2433,6,5,4028
OAS1_0052|MR1|mpr-1,Mild Demented,OAS1_0052,MR1,mpr-1,6,5,0,16,5,0,84,6,2,475,6,3,1451,6,7,4027
OAS1_0052|MR1|mpr-2,Mild Demented,OAS1_0052,MR1,mpr-2,6,5,0,14,6,0,100,6,2,486,6,4,2027,6,7,5125
OAS1_0052|MR1|mpr-3,Mild Demented,OAS1_0052,MR1,mpr-3,6,5,0,8,6,1,27,6,1,139,6,3,785,6,6,2873
OAS1_0052|MR1|mpr-4,Mild Demented,OAS1_0052,MR1,mpr-4,6,6,0,15,6,2,141,6,3,680,6,4,2732,6,8,5623
OAS1_0053|MR1|mpr-1,Mild Demented,OAS1_0053,MR1,mpr-1,6,2,0,9,5,0,71,6,0,278,6,0,932,6,7,2732
OAS1_0053|MR1|mpr-2,Mild Demented,OAS1_0053,MR1,mpr-2,6,5,0,12,6,0,73,6,0,287,6,1,890,6,3,2357
OAS1_0053|MR1|mpr-3,Mild Demented,OAS1_0053,MR1,mpr-3,6,3,0,9,5,0,67,6,2,293,6,7,1037,6,9,3182
OAS1_0053|MR1|mpr-4,Mild Demented,OAS1_0053,MR1,mpr-4,6,2,0,3,5,1,10,6,1,64,6,2,450,6,6,1867
OAS1_0056|MR1|mpr-1,Mild Demented,OAS1_0056,MR1,mpr-1,6,6,0,100,6,1,719,6,5,2829,6,8,5899,6,12,8653
OAS1_0056|MR1|mpr-2,Mild Demented,OAS1_0056,MR1,mpr-2,6,6,0,63,6,2,403,6,3,2047,6,8,4787,6,9,7659
OAS1_0056|MR1|mpr-3,Mild Demented,OAS1_0056,MR1,mpr-3,6,6,1,57,6,3,661,6,7,3079,6,11,6486,6,15,9454
OAS1_0056|MR1|mpr-4,Mild Demented,OAS1_0056,MR1,mpr-4,6,6,0,70,6,2,427,6,4,2349,6,9,5223,6,13,8067
OAS1_0067|MR1|mpr-1,Mild Demented,OAS1_0067,MR1,mpr-1,8,6,1,28,8,2,418,8,8,1649,8,9,4117,8,15,6868
OAS1_0067|MR1|mpr-2,Mild Demented,OAS1_0067,MR1,mpr-2,8,6,0,17,8,1,156,8,4,880,8,8,2629,8,14,5119
OAS1_0067|MR1|mpr-3,Mild Demented,OAS1_0067,MR1,mpr-3,8,6,0,30,8,1,409,8,4,1459,8,7,3341,8,12,5526
OAS1_0073|MR1|mpr-1,Mild Demented,OAS1_0073,MR1,mpr-1,6,6,0,52,6,2,450,6,5,2034,6,11,5375,6,13,8343
OAS1_0073|MR1|mpr-2,Mild Demented,OAS1_0073,MR1,mpr-2,6,5,0,39,6,2,471,6,5,2199,6,9,5317,6,11,8106
OAS1_0073|MR1|mpr-3,Mild Demented,OAS1_0073,MR1,mpr-3,6,3,0,38,6,2,344,6,5,1868,6,9,4647,6,13,7652
OAS1_0073|MR1|mpr-4,Mild Demented,OAS1_0073,MR1,mpr-4,6,4,0,38,6,1,425,6,5,1936,6,6,4238,6,11,6917
OAS1_0122|MR1|mpr-1,Mild Demented,OAS1_0122,MR1,mpr-1,6,6,0,19,6,2,143,6,5,837,6,7,2897,6,11,6721
OAS1_0122|MR1|mpr-2,Mild Demented,OAS1_0122,MR1,mpr-2,6,6,0,37,6,0,338,6,2,1491,6,7,4744,6,14,8206
OAS1_0122|MR1|mpr-3,Mild Demented,OAS1_0122,MR1,mpr-3,5,5,0,19,5,1,133,5,4,915,5,8,3100,5,8,6378
OAS1_0122|MR1|mpr-4,Mild Demented,OAS1_0122,MR1,mpr-4,6,6,0,40,6,1,278,6,1,1314,6,4,4613,6,12,8251
OAS1_0134|MR1|mpr-1,Mild Demented,OAS1_0134,MR1,mpr-1,6,5,0,11,6,1,60,6,1,449,6,5,2451,6,8,5521
OAS1_0134|MR1|mpr-2,Mild Demented,OAS1_0134,MR1,mpr-2,6,5,0,10,6,2,162,6,3,1012,6,8,2939,6,12,5531
OAS1_0134|MR1|mpr-3,Mild Demented,OAS1_0134,MR1,mpr-3,6,4,0,8,5,0,138,6,3,952,6,8,2605,6,10,5744
OAS1_0134|MR1|mpr-4,Mild Demented,OAS1_0134,MR1,mpr-4,6,3,0,17,6,0,95,6,2,531,6,3,1941,6,7,4439
OAS1_0137|MR1|mpr-1,Mild Demented,OAS1_0137,MR1,mpr-1,5,4,0,126,5,2,839,5,4,3026,5,7,5520,5,9,7321
OAS1_0137|MR1|mpr-2,Mild Demented,OAS1_0137,MR1,mpr-2,6,5,1,116,6,2,924,6,5,3257,6,9,6312,6,13,8753
OAS1_0137|MR1|mpr-3,Mild Demented,OAS1_0137,MR1,mpr-3,6,6,1,118,6,3,931,6,6,3655,6,12,6726,6,13,8786
OAS1_0137|MR1|mpr-4,Mild Demented,OAS1_0137,MR1,mpr-4,6,6,1,113,6,5,911,6,6,3455,6,11,6638,6,14,8790
OAS1_0184|MR1|mpr-1,Mild Demented,OAS1_0184,MR1,mpr-1,6,6,0,125,6,5,1215,6,11,4251,6,15,7643,6,15,9591
OAS1_0184|MR1|mpr-2,Mild Demented,OAS1_0184,MR1,mpr-2,6,6,2,178,6,4,1240,6,11,4146,6,14,7503,6,15,9681
OAS1_0184|MR1|mpr-3,Mild Demented,OAS1_0184,MR1,mpr-3,6,6,1,129,6,6,1087,6,11,3995,6,14,7432,6,15,9657
OAS1_0184|MR1|mpr-4,Mild Demented,OAS1_0184,MR1,mpr-4,6,6,3,136,6,4,1051,6,10,3881,6,14,7514,6,15,9711
OAS1_0185|MR1|mpr-1,Mild Demented,OAS1_0185,MR1,mpr-1,6,6,0,63,6,3,832,6,10,3359,6,13,6590,6,15,9039
OAS1_0185|MR1|mpr-2,Mild Demented,OAS1_0185,MR1,mpr-2,6,5,0,38,6,0,572,6,5,2661,6,8,5525,6,13,8181
OAS1_0185|MR1|mpr-3,Mild Demented,OAS1_0185,MR1,mpr-3,6,5,0,115,6,2,1086,6,8,3655,6,13,6770,6,15,9148
OAS1_0185|MR1|mpr-4,Mild Demented,OAS1_0185,MR1,mpr-4,6,6,0,139,6,2,1047,6,7,3325,6,9,6023,6,14,8473
OAS1_0223|MR1|mpr-1,Mild Demented,OAS1_0223,MR1,mpr-1,8,6,1,11,8,1,87,8,4,432,8,7,1908,8,9,5193
OAS1_0223|MR1|mpr-2,Mild Demented,OAS1_0223,MR1,mpr-2,8,6,0,11,8,0,101,8,4,644,8,7,2408,8,10,5410
OAS1_0223|MR1|mpr-3,Mild Demented,OAS1_0223,MR1,mpr-3,8,6,1,11,8,4,63,8,5,333,8,7,1347,8,10,4233
OAS1_0268|MR1|mpr-1,Mild Demented,OAS1_0268,MR1,mpr-1,6,5,0,76,6,4,440,6,9,1882,6,12,4904,6,15,8304
OAS1_0268|MR1|mpr-2,Mild Demented,OAS1_0268,MR1,mpr-2,6,6,0,73,6,3,393,6,8,1802,6,12,4868,6,15,8225
OAS1_0268|MR1|mpr-3,Mild Demented,OAS1_0268,MR1,mpr-3,6,4,0,73,6,0,363,6,6,1428,6,8,4062,6,13,7218
OAS1_0268|MR1|mpr-4,Mild Demented,OAS1_0268,MR1,mpr-4,6,6,0,85,6,4,491,6,7,1829,6,9,4657,6,15,8168
OAS1_0269|MR1|mpr-1,Mild Demented,OAS1_0269,MR1,mpr-1,6,6,1,307,6,6,1629,6,14,4456,6,15,7741,6,15,9660
OAS1_0269|MR1|mpr-2,Mild Demented,OAS1_0269,MR1,mpr-2,6,6,0,310,6,8,1672,6,11,4107,6,13,7288,6,15,9392
OAS1_0269|MR1|mpr-3,Mild Demented,OAS1_0269,MR1,mpr-3,6,6,3,445,6,10,1796,6,14,4236,6,15,7251,6,15,9271
OAS1_0269|MR1|mpr-4,Mild Demented,OAS1_0269,MR1,mpr-4,6,6,1,302,6,7,1700,6,12,4201,6,14,7259,6,15,9355
OAS1_0278|MR1|mpr-1,Mild Demented,OAS1_0278,MR1,mpr-1,6,6,1,39,6,3,378,6,4,1628,6,6,3844,6,7,5881
OAS1_0278|MR1|mpr-2,Mild Demented,OAS1_0278,MR1,mpr-2,6,6,1,31,6,1,282,6,3,1115,6,7,2858,6,8,5083
OAS1_0278|MR1|mpr-3,Mild Demented,OAS1_0278,MR1,mpr-3,6,6,0,19,6,2,169,6,3,977,6,5,2739,6,7,4867
OAS1_0278|MR1|mpr-4,Mild Demented,OAS1_0278,MR1,mpr-4,6,6,1,38,6,3,380,6,4,1651,6,6,3962,6,9,6443
OAS1_0291|MR1|mpr-1,Mild Demented,OAS1_0291,MR1,mpr-1,6,6,1,309,6,3,1218,6,6,3187,6,8,5997,6,13,8844
OAS1_0291|MR1|mpr-2,Mild Demented,OAS1_0291,MR1,mpr-2,6,6,1,322,6,4,1201,6,7,3150,6,10,5781,6,15,8810
OAS1_0291|MR1|mpr-3,Mild Demented,OAS1_0291,MR1,mpr-3,6,5,1,140,6,3,1071,6,6,3052,6,10,5553,6,14,8174
OAS1_0291|MR1|mpr-4,Mild Demented,OAS1_0291,MR1,mpr-4,6,4,2,156,6,4,978,6,7,2795,6,9,5426,6,11,7901
OAS1_0316|MR1|mpr-1,Mild Demented,OAS1_0316,MR1,mpr-1,6,6,2,271,6,9,1662,6,15,4623,6,15,7751,6,15,9530
OAS1_0316|MR1|mpr-2,Mild Demented,OAS1_0316,MR1,mpr-2,5,5,1,122,5,4,923,5,9,3527,5,10,6362,5,10,7949
OAS1_0316|MR1|mpr-3,Mild Demented,OAS1_0316,MR1,mpr-3,6,6,2,276,6,6,1210,6,13,3932,6,15,7336,6,15,9311
OAS1_0316|MR1|mpr-4,Mild Demented,OAS1_0316,MR1,mpr-4,6,6,2,214,6,12,1363,6,15,4020,6,15,7440,6,15,9346
OAS1_0373|MR1|mpr-1,Mild Demented,OAS1_0373,MR1,mpr-1,6,6,3,81,6,3,644,6,13,3429,6,15,7271,6,15,9341
OAS1_0373|MR1|mpr-2,Mild Demented,OAS1_0373,MR1,mpr-2,6,5,1,78,6,2,527,6,6,2911,6,10,6308,6,14,8554
OAS1_0373|MR1|mpr-3,Mild Demented,OAS1_0373,MR1,mpr-3,6,6,0,220,6,3,1074,6,15,3843,6,15,7397,6,15,9411
OAS1_0373|MR1|mpr-4,Mild Demented,OAS1_0373,MR1,mpr-4,6,6,1,70,6,4,592,6,9,3227,6,15,7106,6,15,9236
OAS1_0382|MR1|mpr-1,Mild Demented,OAS1_0382,MR1,mpr-1,6,6,6,462,6,10,1701,6,13,4086,6,15,7359,6,15,9275
OAS1_0382|MR1|mpr-2,Mild Demented,OAS1_0382,MR1,mpr-2,6,6,7,462,6,10,1813,6,15,4283,6,15,7473,6,15,9312
OAS1_0382|MR1|mpr-3,Mild Demented,OAS1_0382,MR1,mpr-3,6,6,6,365,6,10,1630,6,10,3964,6,15,7386,6,15,9293
OAS1_0382|MR1|mpr-4,Mild Demented,OAS1_0382,MR1,mpr-4,6,6,5,319,6,9,1457,6,10,3405,6,10,6534,6,15,8925
OAS1_0308|MR1|mpr-1,Moderate Demented,OAS1_0308,MR1,mpr-1,61,61,131,1685,61,444,9467,61,865,31914,61,1397,67210,61,1720,89805
OAS1_0308|MR1|mpr-2,Moderate Demented,OAS1_0308,MR1,mpr-2,61,61,120,1699,61,385,9409,61,802,32180,61,1276,65680,61,1727,89781
OAS1_0308|MR1|mpr-3,Moderate Demented,OAS1_0308,MR1,mpr-3,61,59,162,1912,61,390,10307,61,841,32819,61,1468,68799,61,1691,90233
OAS1_0308|MR1|mpr-4,Moderate Demented,OAS1_0308,MR1,mpr-4,61,61,147,1884,61,387,10597,61,915,33461,61,1577,70282,61,1830,92709
OAS1_0351|MR1|mpr-1,Moderate Demented,OAS1_0351,MR1,mpr-1,61,61,111,979,61,265,5096,61,502,19146,61,807,43875,61,1176,65457
OAS1_0351|MR1|mpr-2,Moderate Demented,OAS1_0351,MR1,mpr-2,61,60,125,1157,61,281,6113,61,509,20578,61,872,44967,61,1281,68179
OAS1_0351|MR1|mpr-3,Moderate Demented,OAS1_0351,MR1,mpr-3,61,60,120,864,61,313,4727,61,552,20555,61,869,44801,61,1320,68005
OAS1_0351|MR1|mpr-4,Moderate Demented,OAS1_0351,MR1,mpr-4,61,60,115,841,61,291,4952,61,498,20081,61,783,45412,61,1195,69112
