scope,group_type,group,total_pairs,bin_0-2,bin_3-4,bin_5-6,bin_7-8,bin_9-10,bin_11-15,bin_16+,pairs_le10
all_pairs,slice_distance,0,32924,1070,2144,4877,7355,6433,9068,1977,21879
all_pairs,slice_distance,1,64455,2230,4266,9638,14615,12377,17503,3826,43126
all_pairs,slice_distance,2,63431,1670,4372,9805,14648,12146,17254,3536,42641
all_pairs,slice_distance,3,62253,1292,4339,9710,14363,12052,17047,3450,41756
all_pairs,slice_distance,4,61105,1080,4144,9816,14090,11861,16737,3377,40991
all_pairs,slice_distance,5,61027,904,3975,9854,14193,11786,16867,3448,40712
all_pairs,slice_distance,6,59392,844,3735,9684,13870,11593,16450,3216,39726
all_pairs,slice_distance,7,58493,830,3747,9500,13614,11572,16024,3206,39263
all_pairs,slice_distance,8,57468,792,3587,9471,13645,11171,15582,3220,38666
all_pairs,slice_distance,9,56323,758,3538,9346,13438,10979,15184,3080,38059
all_pairs,slice_distance,10,56125,647,3296,9333,13378,10946,15568,2957,37600
all_pairs,slice_distance,11+,1342082,10344,61828,189489,308561,270158,413883,87819,840380
all_pairs,proximity,adjacent(<=1),97379,3300,6410,14515,21970,18810,26571,5803,65005
all_pairs,proximity,very_close(2),63431,1670,4372,9805,14648,12146,17254,3536,42641
all_pairs,proximity,nearby(3-4),123358,2372,8483,19526,28453,23913,33784,6827,82747
all_pairs,proximity,separated(>4),1690910,15119,83706,246677,390699,338205,509558,106946,1074406
same_scan_pairs,slice_distance,0,0,0,0,0,0,0,0,0,0
same_scan_pairs,slice_distance,1,480,398,78,4,0,0,0,0,480
same_scan_pairs,slice_distance,2,473,239,184,45,5,0,0,0,473
same_scan_pairs,slice_distance,3,471,147,213,90,18,3,0,0,471
same_scan_pairs,slice_distance,4,480,99,187,138,43,12,1,0,479
same_scan_pairs,slice_distance,5,484,58,183,157,69,16,1,0,483
same_scan_pairs,slice_distance,6,483,38,151,170,86,36,2,0,481
same_scan_pairs,slice_distance,7,490,25,120,188,100,50,7,0,483
same_scan_pairs,slice_distance,8,470,21,92,172,123,59,3,0,467
same_scan_pairs,slice_distance,9,470,11,94,150,140,67,8,0,462
same_scan_pairs,slice_distance,10,523,11,77,166,162,90,15,2,506
same_scan_pairs,slice_distance,11+,11429,63,556,1777,3132,2840,2911,150,8368
same_scan_pairs,proximity,adjacent(<=1),480,398,78,4,0,0,0,0,480
same_scan_pairs,proximity,very_close(2),473,239,184,45,5,0,0,0,473
same_scan_pairs,proximity,nearby(3-4),951,246,400,228,61,15,1,0,950
same_scan_pairs,proximity,separated(>4),14349,227,1273,2780,3812,3158,2947,152,11250
