entity,class_name,n_images,imgs_involved_le2,within_pairs_le2,cross_pairs_le2,imgs_involved_le4,within_pairs_le4,cross_pairs_le4,imgs_involved_le6,within_pairs_le6,cross_pairs_le6,imgs_involved_le8,within_pairs_le8,cross_pairs_le8,imgs_involved_le10,within_pairs_le10,cross_pairs_le10
OAS1_0001,Non Demented,2,1,0,42,2,0,300,2,1,891,2,1,1946,2,1,2735
OAS1_0002,Non Demented,2,2,1,24,2,1,267,2,1,1313,2,1,2593,2,1,3198
OAS1_0004,Non Demented,2,2,1,173,2,1,702,2,1,1613,2,1,2666,2,1,3194
OAS1_0005,Non Demented,2,2,0,105,2,1,660,2,1,1675,2,1,2657,2,1,3247
OAS1_0006,Non Demented,2,2,0,23,2,1,342,2,1,1393,2,1,2656,2,1,3204
OAS1_0007,Non Demented,2,2,1,196,2,1,755,2,1,1707,2,1,2657,2,1,3260
OAS1_0009,Non Demented,2,2,1,25,2,1,255,2,1,1087,2,1,2279,2,1,3111
OAS1_0010,Non Demented,2,1,0,6,2,0,64,2,0,433,2,0,1295,2,1,2740
OAS1_0011,Non Demented,2,2,1,256,2,1,686,2,1,1372,2,1,2430,2,1,3050
OAS1_0012,Non Demented,2,2,0,59,2,0,254,2,0,954,2,0,2175,2,1,3176
OAS1_0013,Non Demented,2,1,0,16,2,0,161,2,0,447,2,0,987,2,1,1974
OAS1_0014,Non Demented,2,2,1,256,2,1,686,2,1,1372,2,1,2430,2,1,3050
OAS1_0017,Non Demented,2,1,0,2,2,0,14,2,0,84,2,0,399,2,1,1098
OAS1_0018,Non Demented,2,1,0,11,2,0,201,2,0,681,2,0,1438,2,0,2261
OAS1_0019,Non Demented,2,2,0,6,2,0,74,2,0,395,2,0,1080,2,1,2389
OAS1_0020,Non Demented,1,1,0,6,1,0,74,1,0,319,1,0,783,1,0,1330
OAS1_0025,Non Demented,2,2,1,24,2,1,249,2,1,786,2,1,1810,2,1,2940
OAS1_0026,Non Demented,2,2,1,70,2,1,646,2,1,1734,2,1,2776,2,1,3310
OAS1_0027,Non Demented,2,2,1,5,2,1,61,2,1,376,2,1,1089,2,1,2223
OAS1_0029,Non Demented,2,2,1,4,2,1,164,2,1,906,2,1,2236,2,1,3146
OAS1_0030,Non Demented,2,2,1,91,2,1,651,2,1,1980,2,1,2951,2,1,3456
OAS1_0032,Non Demented,1,1,0,29,1,0,207,1,0,776,1,0,1340,1,0,1620
OAS1_0033,Non Demented,2,2,1,72,2,1,541,2,1,1679,2,1,2564,2,1,3220
OAS1_0034,Non Demented,2,2,0,185,2,1,650,2,1,1530,2,1,2491,2,1,3160
OAS1_0037,Non Demented,2,1,0,5,2,0,80,2,1,386,2,1,1232,2,1,2434
OAS1_0038,Non Demented,2,1,0,10,2,0,119,2,1,663,2,1,1553,2,1,2607
OAS1_0040,Non Demented,2,2,1,134,2,1,513,2,1,1384,2,1,2428,2,1,3101
OAS1_0043,Non Demented,2,2,0,92,2,0,422,2,1,1070,2,1,1837,2,1,2644
OAS1_0044,Non Demented,2,2,1,124,2,1,734,2,1,1764,2,1,2724,2,1,3262
OAS1_0045,Non Demented,2,2,1,32,2,1,334,2,1,1358,2,1,2722,2,1,3340
OAS1_0047,Non Demented,2,1,0,103,2,0,382,2,0,937,2,0,1858,2,1,2965
OAS1_0049,Non Demented,2,2,0,81,2,1,541,2,1,1417,2,1,2721,2,1,3235
OAS1_0050,Non Demented,2,2,1,18,2,1,144,2,1,562,2,1,1352,2,1,2516
OAS1_0051,Non Demented,2,2,1,0,2,1,8,2,1,79,2,1,451,2,1,1290
OAS1_0054,Non Demented,2,2,1,10,2,1,140,2,1,710,2,1,1790,2,1,2987
OAS1_0055,Non Demented,2,2,1,10,2,1,70,2,1,211,2,1,584,2,1,1335
OAS1_0057,Non Demented,1,1,0,16,1,0,93,1,0,289,1,0,669,1,0,1102
OAS1_0058,Non Demented,2,2,1,245,2,1,699,2,1,1498,2,1,2556,2,1,3123
OAS1_0059,Non Demented,2,2,1,44,2,1,460,2,1,1650,2,1,2762,2,1,3304
OAS1_0061,Non Demented,2,2,1,0,2,1,0,2,1,54,2,1,220,2,1,724
OAS1_0062,Non Demented,1,1,0,110,1,0,367,1,0,760,1,0,1297,1,0,1590
OAS1_0063,Non Demented,2,2,0,7,2,0,50,2,1,345,2,1,1124,2,1,2374
OAS1_0064,Non Demented,2,1,0,2,2,1,112,2,1,512,2,1,1419,2,1,2708
OAS1_0065,Non Demented,2,2,1,62,2,1,415,2,1,1357,2,1,2789,2,1,3427
OAS1_0068,Non Demented,2,2,0,7,2,0,64,2,0,279,2,0,738,2,0,1646
OAS1_0069,Non Demented,2,0,0,0,1,0,1,2,0,30,2,0,254,2,0,852
OAS1_0070,Non Demented,1,1,0,93,1,0,326,1,0,719,1,0,1259,1,0,1564
OAS1_0071,Non Demented,2,2,1,256,2,1,686,2,1,1372,2,1,2430,2,1,3050
OAS1_0072,Non Demented,2,2,1,235,2,1,708,2,1,1439,2,1,2477,2,1,3090
OAS1_0074,Non Demented,2,2,0,110,2,1,631,2,1,1767,2,1,2855,2,1,3405
OAS1_0075,Non Demented,2,1,0,34,2,0,237,2,0,874,2,1,1891,2,1,2988
OAS1_0076,Non Demented,2,2,1,96,2,1,486,2,1,1382,2,1,2359,2,1,3100
OAS1_0077,Non Demented,2,2,1,216,2,1,720,2,1,1670,2,1,2712,2,1,3198
OAS1_0078,Non Demented,2,0,0,0,2,1,3,2,1,30,2,1,224,2,1,833
OAS1_0079,Non Demented,1,1,0,13,1,0,170,1,0,535,1,0,1305,1,0,1589
OAS1_0080,Non Demented,2,2,1,60,2,1,406,2,1,1066,2,1,1906,2,1,2874
OAS1_0081,Non Demented,1,1,0,37,1,0,246,1,0,616,1,0,1348,1,0,1606
OAS1_0083,Non Demented,2,2,0,128,2,1,727,2,1,1714,2,1,2694,2,1,3237
OAS1_0085,Non Demented,2,2,0,6,2,0,194,2,0,767,2,0,1541,2,1,2147
OAS1_0086,Non Demented,2,2,1,78,2,1,632,2,1,1492,2,1,2574,2,1,3142
OAS1_0087,Non Demented,2,2,1,236,2,1,700,2,1,1489,2,1,2497,2,1,3131
OAS1_0088,Non Demented,2,2,1,22,2,1,235,2,1,979,2,1,2244,2,1,3101
OAS1_0090,Non Demented,2,2,1,13,2,1,87,2,1,334,2,1,902,2,1,1747
OAS1_0091,Non Demented,2,2,1,138,2,1,694,2,1,1608,2,1,2542,2,1,3168
OAS1_0092,Non Demented,2,0,0,0,1,0,25,2,0,215,2,1,623,2,1,1383
OAS1_0095,Non Demented,2,2,0,199,2,1,650,2,1,1306,2,1,2403,2,1,3037
OAS1_0096,Non Demented,2,2,1,98,2,1,373,2,1,943,2,1,1865,2,1,2729
OAS1_0097,Non Demented,2,2,0,82,2,1,564,2,1,1656,2,1,2686,2,1,3300
OAS1_0099,Non Demented,2,2,1,186,2,1,755,2,1,1615,2,1,2639,2,1,3217
OAS1_0101,Non Demented,2,2,0,135,2,1,581,2,1,1557,2,1,2618,2,1,3231
OAS1_0102,Non Demented,2,2,0,22,2,1,103,2,1,285,2,1,691,2,1,1400
OAS1_0103,Non Demented,2,2,0,6,2,1,57,2,1,206,2,1,673,2,1,1549
OAS1_0104,Non Demented,2,2,0,197,2,1,763,2,1,1657,2,1,2637,2,1,3219
OAS1_0105,Non Demented,1,1,0,34,1,0,305,1,0,904,1,0,1414,1,0,1673
OAS1_0106,Non Demented,2,1,0,37,2,0,248,2,0,654,2,1,1436,2,1,1870
OAS1_0107,Non Demented,2,1,0,5,2,0,22,2,0,122,2,0,393,2,0,976
OAS1_0108,Non Demented,2,2,0,119,2,1,565,2,1,1339,2,1,2253,2,1,2995
OAS1_0109,Non Demented,1,1,0,21,1,0,247,1,0,873,1,0,1414,1,0,1670
OAS1_0110,Non Demented,2,2,0,5,2,1,148,2,1,724,2,1,2274,2,1,2920
OAS1_0111,Non Demented,2,2,1,194,2,1,728,2,1,1650,2,1,2584,2,1,3216
OAS1_0112,Non Demented,1,1,0,36,1,0,324,1,0,868,1,0,1389,1,0,1656
OAS1_0113,Non Demented,2,2,1,12,2,1,182,2,1,893,2,1,2137,2,1,3373
OAS1_0114,Non Demented,2,1,0,3,2,1,36,2,1,400,2,1,1504,2,1,2762
OAS1_0116,Non Demented,2,2,1,66,2,1,452,2,1,1564,2,1,2698,2,1,3332
OAS1_0117,Non Demented,2,2,1,140,2,1,715,2,1,1616,2,1,2560,2,1,3216
OAS1_0119,Non Demented,2,2,1,26,2,1,217,2,1,698,2,1,1606,2,1,2655
OAS1_0121,Non Demented,2,2,1,0,2,1,0,2,1,1,2,1,16,2,1,167
OAS1_0125,Non Demented,2,2,1,48,2,1,222,2,1,544,2,1,1266,2,1,2158
OAS1_0126,Non Demented,2,2,1,217,2,1,723,2,1,1562,2,1,2578,2,1,3195
OAS1_0127,Non Demented,2,2,0,89,2,0,606,2,1,1678,2,1,2633,2,1,3243
OAS1_0129,Non Demented,2,1,0,118,2,1,405,2,1,1067,2,1,1981,2,1,2680
OAS1_0130,Non Demented,2,0,0,0,0,0,0,1,0,4,2,0,84,2,0,370
OAS1_0131,Non Demented,2,2,1,16,2,1,137,2,1,572,2,1,1367,2,1,2317
OAS1_0132,Non Demented,2,2,0,24,2,0,136,2,1,401,2,1,931,2,1,1631
OAS1_0133,Non Demented,2,2,1,38,2,1,398,2,1,1366,2,1,2696,2,1,3208
OAS1_0135,Non Demented,2,2,1,0,2,1,3,2,1,25,2,1,97,2,1,373
OAS1_0136,Non Demented,1,1,0,111,1,0,347,1,0,782,1,0,1256,1,0,1572
OAS1_0138,Non Demented,1,1,0,6,1,0,143,1,0,685,1,0,1308,1,0,1608
OAS1_0139,Non Demented,2,0,0,0,2,1,3,2,1,7,2,1,32,2,1,157
OAS1_0140,Non Demented,2,2,0,158,2,1,653,2,1,1611,2,1,2573,2,1,3222
OAS1_0141,Non Demented,2,2,1,34,2,1,255,2,1,933,2,1,1901,2,1,2784
OAS1_0144,Non Demented,2,2,0,55,2,0,294,2,1,930,2,1,1824,2,1,2596
OAS1_0145,Non Demented,2,2,1,13,2,1,102,2,1,356,2,1,952,2,1,1930
OAS1_0146,Non Demented,2,0,0,0,2,0,78,2,0,452,2,1,1251,2,1,2266
OAS1_0147,Non Demented,2,2,1,30,2,1,154,2,1,431,2,1,1029,2,1,1873
OAS1_0148,Non Demented,2,2,1,159,2,1,778,2,1,1721,2,1,2650,2,1,3229
OAS1_0150,Non Demented,2,2,1,68,2,1,431,2,1,1416,2,1,2479,2,1,3219
OAS1_0151,Non Demented,2,2,1,108,2,1,686,2,1,1556,2,1,2596,2,1,3162
OAS1_0152,Non Demented,2,0,0,0,2,0,18,2,0,162,2,0,662,2,1,1716
OAS1_0153,Non Demented,1,0,0,0,1,0,17,1,0,226,1,0,715,1,0,1231
OAS1_0156,Non Demented,2,2,0,158,2,1,579,2,1,1426,2,1,2519,2,1,3141
OAS1_0157,Non Demented,2,2,1,38,2,1,172,2,1,638,2,1,1779,2,1,2867
OAS1_0159,Non Demented,2,2,1,57,2,1,266,2,1,818,2,1,1642,2,1,2529
OAS1_0160,Non Demented,2,0,0,0,1,0,1,1,0,30,2,1,202,2,1,732
OAS1_0162,Non Demented,2,1,0,3,2,0,223,2,0,1007,2,1,2463,2,1,3096
OAS1_0163,Non Demented,2,2,0,99,2,1,505,2,1,1403,2,1,2559,2,1,3297
OAS1_0165,Non Demented,2,2,0,72,2,1,357,2,1,1332,2,1,2491,2,1,3119
OAS1_0167,Non Demented,2,1,0,2,2,0,31,2,1,211,2,1,1106,2,1,2598
OAS1_0168,Non Demented,2,2,1,256,2,1,686,2,1,1372,2,1,2430,2,1,3050
OAS1_0169,Non Demented,1,1,0,16,1,0,138,1,0,432,1,0,966,1,0,1452
OAS1_0170,Non Demented,2,2,1,0,2,1,3,2,1,14,2,1,234,2,1,684
OAS1_0173,Non Demented,1,1,0,3,1,0,46,1,0,208,1,0,564,1,0,1398
OAS1_0174,Non Demented,1,1,0,8,1,0,135,1,0,633,1,0,1365,1,0,1667
OAS1_0176,Non Demented,2,2,1,0,2,1,23,2,1,191,2,1,701,2,1,1725
OAS1_0177,Non Demented,1,1,0,129,1,0,344,1,0,687,1,0,1216,1,0,1526
OAS1_0178,Non Demented,2,2,1,0,2,1,0,2,1,26,2,1,162,2,1,566
OAS1_0180,Non Demented,2,0,0,0,2,1,2,2,1,187,2,1,788,2,1,1815
OAS1_0181,Non Demented,2,2,0,120,2,0,442,2,1,1150,2,1,2443,2,1,3020
OAS1_0182,Non Demented,2,1,0,1,2,0,54,2,0,534,2,0,1512,2,1,2543
OAS1_0183,Non Demented,2,0,0,0,2,0,12,2,0,125,2,1,786,2,1,1735
OAS1_0186,Non Demented,2,1,0,14,1,0,142,2,0,677,2,0,1249,2,0,1738
OAS1_0188,Non Demented,2,2,0,23,2,1,197,2,1,680,2,1,1608,2,1,2359
OAS1_0189,Non Demented,2,1,0,7,2,1,113,2,1,502,2,1,1437,2,1,2501
OAS1_0190,Non Demented,2,2,1,1,2,1,66,2,1,496,2,1,1574,2,1,2883
OAS1_0191,Non Demented,2,2,0,72,2,1,535,2,1,1406,2,1,2705,2,1,3258
OAS1_0192,Non Demented,2,2,0,49,2,0,357,2,0,1016,2,1,2044,2,1,2815
OAS1_0193,Non Demented,2,2,0,113,2,0,480,2,0,1244,2,1,2317,2,1,3129
OAS1_0195,Non Demented,2,2,0,7,2,0,194,2,1,1074,2,1,2482,2,1,3146
OAS1_0197,Non Demented,2,1,0,4,2,0,14,2,0,159,2,0,801,2,0,1971
OAS1_0198,Non Demented,2,1,0,7,1,0,89,2,0,438,2,1,993,2,1,1902
OAS1_0199,Non Demented,2,2,0,18,2,0,132,2,1,738,2,1,2031,2,1,2961
OAS1_0200,Non Demented,2,2,0,52,2,1,404,2,1,1248,2,1,2631,2,1,3214
OAS1_0201,Non Demented,2,1,0,1,1,0,17,2,0,194,2,1,783,2,1,1612
OAS1_0202,Non Demented,2,2,1,127,2,1,691,2,1,1646,2,1,2630,2,1,3223
OAS1_0203,Non Demented,2,1,0,4,2,0,125,2,0,785,2,1,2156,2,1,3095
OAS1_0204,Non Demented,2,0,0,0,2,0,8,2,1,37,2,1,205,2,1,787
OAS1_0206,Non Demented,2,0,0,0,2,0,22,2,0,240,2,0,924,2,0,1865
OAS1_0207,Non Demented,2,2,0,153,2,1,763,2,1,1812,2,1,2803,2,1,3331
OAS1_0208,Non Demented,2,2,0,22,2,1,241,2,1,886,2,1,2092,2,1,3092
OAS1_0209,Non Demented,2,2,1,33,2,1,161,2,1,485,2,1,1167,2,1,2114
OAS1_0211,Non Demented,2,1,0,2,2,0,72,2,0,505,2,1,1522,2,1,2853
OAS1_0212,Non Demented,2,2,1,12,2,1,242,2,1,1170,2,1,2613,2,1,3223
OAS1_0213,Non Demented,1,1,0,37,1,0,267,1,0,861,1,0,1398,1,0,1642
OAS1_0214,Non Demented,2,2,0,43,2,1,394,2,1,1285,2,1,2395,2,1,3177
OAS1_0216,Non Demented,1,1,0,3,1,0,42,1,0,315,1,0,804,1,0,1467
OAS1_0218,Non Demented,1,1,0,78,1,0,310,1,0,709,1,0,1267,1,0,1572
OAS1_0220,Non Demented,2,2,1,130,2,1,609,2,1,1722,2,1,2843,2,1,3370
OAS1_0221,Non Demented,1,1,0,42,1,0,181,1,0,661,1,0,1203,1,0,1547
OAS1_0222,Non Demented,2,0,0,0,0,0,0,2,1,8,2,1,114,2,1,714
OAS1_0224,Non Demented,2,2,1,32,2,1,201,2,1,675,2,1,1567,2,1,2561
OAS1_0227,Non Demented,2,2,0,6,2,0,188,2,1,1095,2,1,2519,2,1,3152
OAS1_0228,Non Demented,2,2,0,73,2,1,641,2,1,1790,2,1,2791,2,1,3358
OAS1_0229,Non Demented,2,2,1,88,2,1,378,2,1,1060,2,1,2324,2,1,2992
OAS1_0230,Non Demented,2,2,0,84,2,1,436,2,1,1149,2,1,2013,2,1,2718
OAS1_0231,Non Demented,2,2,1,6,2,1,66,2,1,288,2,1,826,2,1,1742
OAS1_0232,Non Demented,2,2,1,199,2,1,722,2,1,1611,2,1,2557,2,1,3181
OAS1_0234,Non Demented,2,2,0,37,2,0,103,2,1,451,2,1,1333,2,1,2632
OAS1_0235,Non Demented,2,2,0,142,2,1,556,2,1,1286,2,1,2247,2,1,3022
OAS1_0236,Non Demented,1,1,0,9,1,0,75,1,0,240,1,0,641,1,0,1151
OAS1_0237,Non Demented,2,2,0,93,2,0,513,2,1,1673,2,1,2798,2,1,3430
OAS1_0239,Non Demented,2,2,1,256,2,1,686,2,1,1372,2,1,2430,2,1,3050
OAS1_0241,Non Demented,2,2,0,98,2,0,578,2,1,1590,2,1,2728,2,1,3268
OAS1_0244,Non Demented,2,2,1,44,2,1,342,2,1,1016,2,1,2228,2,1,3123
OAS1_0246,Non Demented,2,2,0,20,2,0,287,2,0,1183,2,1,2529,2,1,3202
OAS1_0249,Non Demented,2,2,0,41,2,1,412,2,1,1374,2,1,2673,2,1,3244
OAS1_0250,Non Demented,2,2,0,112,2,1,637,2,1,1777,2,1,2786,2,1,3313
OAS1_0253,Non Demented,2,1,0,2,2,0,95,2,0,523,2,0,1188,2,0,2024
OAS1_0254,Non Demented,2,2,1,90,2,1,492,2,1,1404,2,1,2774,2,1,3348
OAS1_0255,Non Demented,2,2,1,146,2,1,768,2,1,1776,2,1,2748,2,1,3261
OAS1_0256,Non Demented,2,0,0,0,2,1,50,2,1,392,2,1,1232,2,1,2478
OAS1_0258,Non Demented,2,2,1,5,2,1,83,2,1,456,2,1,1082,2,1,2105
OAS1_0259,Non Demented,2,2,1,66,2,1,530,2,1,1500,2,1,2838,2,1,3416
OAS1_0260,Non Demented,2,0,0,0,2,1,64,2,1,379,2,1,1188,2,1,2371
OAS1_0261,Non Demented,2,1,0,3,2,0,38,2,0,157,2,1,559,2,1,1461
OAS1_0262,Non Demented,2,2,0,14,2,1,238,2,1,1134,2,1,2549,2,1,3254
OAS1_0264,Non Demented,2,2,1,5,2,1,98,2,1,497,2,1,1371,2,1,2426
OAS1_0265,Non Demented,1,1,0,1,1,0,20,1,0,102,1,0,478,1,0,1096
OAS1_0266,Non Demented,2,0,0,0,0,0,0,1,0,2,2,0,73,2,0,529
OAS1_0270,Non Demented,1,1,0,78,1,0,310,1,0,709,1,0,1267,1,0,1572
OAS1_0271,Non Demented,2,2,1,6,2,1,312,2,1,1298,2,1,2650,2,1,3314
OAS1_0274,Non Demented,2,2,1,56,2,1,628,2,1,1800,2,1,2728,2,1,3326
OAS1_0275,Non Demented,2,2,1,3,2,1,74,2,1,428,2,1,1269,2,1,2422
OAS1_0277,Non Demented,2,1,0,3,2,0,54,2,0,345,2,0,1057,2,1,2117
OAS1_0279,Non Demented,2,2,0,10,2,0,86,2,1,518,2,1,1422,2,1,2192
OAS1_0280,Non Demented,2,2,0,86,2,1,619,2,1,1788,2,1,2804,2,1,3382
OAS1_0281,Non Demented,1,1,0,8,1,0,123,1,0,621,1,0,1297,1,0,1652
OAS1_0282,Non Demented,2,2,0,14,2,1,185,2,1,873,2,1,1882,2,1,2833
OAS1_0283,Non Demented,1,0,0,0,1,0,1,1,0,35,1,0,164,1,0,513
OAS1_0284,Non Demented,2,2,1,0,2,1,0,2,1,0,2,1,28,2,1,260
OAS1_0285,Non Demented,2,2,1,173,2,1,510,2,1,1116,2,1,2086,2,1,2843
OAS1_0289,Non Demented,2,2,1,140,2,1,690,2,1,1828,2,1,2818,2,1,3340
OAS1_0292,Non Demented,2,2,0,119,2,0,487,2,1,1480,2,1,2647,2,1,3248
OAS1_0293,Non Demented,1,1,0,25,1,0,112,1,0,273,1,0,634,1,0,1080
OAS1_0294,Non Demented,2,2,0,14,2,1,128,2,1,595,2,1,1503,2,1,2588
OAS1_0295,Non Demented,2,2,1,20,2,1,116,2,1,483,2,1,1162,2,1,2040
OAS1_0296,Non Demented,2,1,0,1,2,0,47,2,0,280,2,1,872,2,1,1770
OAS1_0299,Non Demented,1,1,0,54,1,0,268,1,0,726,1,0,1400,1,0,1674
OAS1_0301,Non Demented,2,1,0,1,2,1,103,2,1,788,2,1,2038,2,1,3066
OAS1_0302,Non Demented,2,2,1,103,2,1,518,2,1,1339,2,1,2502,2,1,3152
OAS1_0303,Non Demented,2,2,0,30,2,1,323,2,1,1182,2,1,2612,2,1,3264
OAS1_0305,Non Demented,2,2,1,9,2,1,201,2,1,772,2,1,1738,2,1,2729
OAS1_0309,Non Demented,2,2,1,7,2,1,266,2,1,1246,2,1,2458,2,1,3120
OAS1_0310,Non Demented,2,1,0,1,1,0,180,2,1,1123,2,1,1667,2,1,2454
OAS1_0311,Non Demented,2,2,1,71,2,1,675,2,1,1566,2,1,2612,2,1,3216
OAS1_0313,Non Demented,2,2,0,84,2,1,476,2,1,1437,2,1,2622,2,1,3227
OAS1_0314,Non Demented,2,2,1,10,2,1,48,2,1,174,2,1,516,2,1,1150
OAS1_0317,Non Demented,2,0,0,0,0,0,0,1,0,1,2,0,10,2,0,51
OAS1_0318,Non Demented,2,2,0,8,2,1,77,2,1,360,2,1,1041,2,1,2059
OAS1_0319,Non Demented,2,0,0,0,2,0,19,2,0,140,2,0,605,2,0,1531
OAS1_0321,Non Demented,1,1,0,94,1,0,391,1,0,932,1,0,1409,1,0,1661
OAS1_0322,Non Demented,2,2,1,21,2,1,225,2,1,1004,2,1,2273,2,1,3149
OAS1_0323,Non Demented,2,2,0,74,2,0,503,2,1,1347,2,1,2605,2,1,3197
OAS1_0325,Non Demented,2,2,0,150,2,1,659,2,1,1585,2,1,2571,2,1,3194
OAS1_0326,Non Demented,2,2,1,1,2,1,5,2,1,155,2,1,887,2,1,1998
OAS1_0327,Non Demented,2,2,1,8,2,1,119,2,1,519,2,1,1254,2,1,2385
OAS1_0328,Non Demented,2,2,0,62,2,1,588,2,1,1561,2,1,2623,2,1,3253
OAS1_0330,Non Demented,2,2,1,8,2,1,152,2,1,692,2,1,1626,2,1,2954
OAS1_0331,Non Demented,2,0,0,0,2,1,3,2,1,32,2,1,258,2,1,961
OAS1_0332,Non Demented,2,1,0,2,2,0,32,2,0,266,2,1,922,2,1,1947
OAS1_0333,Non Demented,2,2,1,224,2,1,721,2,1,1565,2,1,2603,2,1,3163
OAS1_0336,Non Demented,2,2,1,12,2,1,104,2,1,232,2,1,602,2,1,1204
OAS1_0337,Non Demented,2,2,1,9,2,1,103,2,1,593,2,1,1629,2,1,2638
OAS1_0338,Non Demented,2,2,0,13,2,0,99,2,1,660,2,1,1707,2,1,2623
OAS1_0340,Non Demented,2,2,1,196,2,1,846,2,1,1780,2,1,2740,2,1,3244
OAS1_0341,Non Demented,2,2,1,3,2,1,60,2,1,453,2,1,1437,2,1,2642
OAS1_0342,Non Demented,2,2,0,9,2,1,97,2,1,586,2,1,1651,2,1,3102
OAS1_0343,Non Demented,2,2,1,22,2,1,352,2,1,1443,2,1,2591,2,1,3268
OAS1_0344,Non Demented,2,2,0,56,2,1,290,2,1,818,2,1,1671,2,1,2611
OAS1_0345,Non Demented,2,2,1,114,2,1,604,2,1,1806,2,1,2818,2,1,3329
OAS1_0346,Non Demented,2,2,1,3,2,1,52,2,1,315,2,1,1090,2,1,2187
OAS1_0348,Non Demented,2,2,1,50,2,1,482,2,1,1466,2,1,2722,2,1,3250
OAS1_0349,Non Demented,1,1,0,103,1,0,359,1,0,787,1,0,1266,1,0,1574
OAS1_0350,Non Demented,2,2,0,3,2,0,21,2,0,155,2,1,567,2,1,1402
OAS1_0353,Non Demented,2,2,1,176,2,1,814,2,1,1904,2,1,2810,2,1,3322
OAS1_0354,Non Demented,2,2,1,0,2,1,2,2,1,60,2,1,392,2,1,1118
OAS1_0355,Non Demented,2,2,0,11,2,1,220,2,1,1149,2,1,2599,2,1,3232
OAS1_0356,Non Demented,2,2,1,16,2,1,224,2,1,902,2,1,2058,2,1,3166
OAS1_0357,Non Demented,2,2,1,78,2,1,632,2,1,1492,2,1,2574,2,1,3142
OAS1_0358,Non Demented,2,2,1,45,2,1,433,2,1,1263,2,1,2483,2,1,3145
OAS1_0359,Non Demented,2,1,0,1,2,1,17,2,1,184,2,1,738,2,1,1572
OAS1_0361,Non Demented,2,2,1,112,2,1,644,2,1,1698,2,1,2731,2,1,3286
OAS1_0363,Non Demented,1,1,0,15,1,0,200,1,0,723,1,0,1387,1,0,1665
OAS1_0365,Non Demented,2,2,1,0,2,1,0,2,1,18,2,1,195,2,1,534
OAS1_0366,Non Demented,2,2,0,27,2,1,301,2,1,1222,2,1,2650,2,1,3277
OAS1_0367,Non Demented,2,2,1,37,2,1,321,2,1,1390,2,1,2565,2,1,3270
OAS1_0368,Non Demented,2,0,0,0,2,1,0,2,1,8,2,1,155,2,1,572
OAS1_0369,Non Demented,2,2,0,57,2,0,426,2,0,1308,2,1,2551,2,1,3238
OAS1_0370,Non Demented,2,2,1,216,2,1,716,2,1,1588,2,1,2600,2,1,3180
OAS1_0371,Non Demented,2,2,1,0,2,1,22,2,1,214,2,1,854,2,1,2032
OAS1_0372,Non Demented,2,2,0,2,2,0,88,2,1,606,2,1,1764,2,1,2709
OAS1_0375,Non Demented,2,2,1,0,2,1,8,2,1,77,2,1,336,2,1,840
OAS1_0376,Non Demented,2,1,0,6,2,0,119,2,0,658,2,1,1541,2,1,2394
OAS1_0377,Non Demented,2,2,1,5,2,1,50,2,1,220,2,1,681,2,1,1581
OAS1_0378,Non Demented,2,1,0,2,1,0,48,2,0,531,2,0,1538,2,1,2348
OAS1_0379,Non Demented,1,1,0,78,1,0,390,1,0,857,1,0,1344,1,0,1629
OAS1_0381,Non Demented,2,0,0,0,2,1,0,2,1,0,2,1,8,2,1,71
OAS1_0003,Very Mild Demented,8,7,7,208,8,12,1270,8,15,3776,8,21,8084,8,26,10839
OAS1_0015,Very Mild Demented,9,6,2,4,9,4,264,9,11,1775,9,21,5349,9,26,10075
OAS1_0016,Very Mild Demented,9,9,5,127,9,14,1403,9,29,5584,9,36,11672,9,36,14487
OAS1_0021,Very Mild Demented,9,4,2,0,9,7,1,9,8,61,9,15,403,9,20,1738
OAS1_0022,Very Mild Demented,9,9,19,149,9,28,1557,9,36,5547,9,36,10598,9,36,14101
OAS1_0023,Very Mild Demented,9,7,2,41,8,4,759,9,9,3392,9,22,8191,9,31,12509
OAS1_0039,Very Mild Demented,9,9,9,36,9,11,774,9,16,3001,9,24,8130,9,30,11913
OAS1_0041,Very Mild Demented,9,9,16,186,9,32,1967,9,36,6682,9,36,11577,9,36,14415
OAS1_0042,Very Mild Demented,9,5,1,71,9,4,717,9,13,3635,9,21,8487,9,35,13173
OAS1_0046,Very Mild Demented,9,8,8,69,9,13,958,9,20,4583,9,32,9209,9,35,13561
OAS1_0060,Very Mild Demented,8,8,7,118,8,14,1300,8,26,5152,8,28,10486,8,28,13039
OAS1_0066,Very Mild Demented,8,8,28,955,8,28,2718,8,28,5507,8,28,9719,8,28,12192
OAS1_0082,Very Mild Demented,9,8,5,19,9,6,339,9,16,1785,9,26,5993,9,36,11299
OAS1_0084,Very Mild Demented,9,5,4,16,8,7,209,9,10,1294,9,27,3851,9,32,7041
OAS1_0094,Very Mild Demented,9,9,8,7,9,14,184,9,28,976,9,33,3130,9,36,6919
OAS1_0098,Very Mild Demented,8,4,3,36,8,11,382,8,14,1996,8,17,5296,8,22,9392
OAS1_0115,Very Mild Demented,9,8,6,3,9,12,206,9,16,1958,9,27,6504,9,36,11917
OAS1_0120,Very Mild Demented,9,4,5,7,5,6,76,8,7,473,9,9,1724,9,14,5465
OAS1_0123,Very Mild Demented,8,8,10,279,8,19,2037,8,28,6439,8,28,10479,8,28,12902
OAS1_0124,Very Mild Demented,8,2,1,0,7,3,14,8,4,277,8,8,1299,8,16,4127
OAS1_0142,Very Mild Demented,9,8,6,155,9,16,1511,9,29,5306,9,30,10666,9,36,13870
OAS1_0143,Very Mild Demented,9,8,7,129,9,10,682,9,17,2836,9,23,8016,9,32,12539
OAS1_0155,Very Mild Demented,9,8,6,15,9,8,191,9,10,1066,9,13,3578,9,21,8157
OAS1_0158,Very Mild Demented,9,8,7,202,9,12,1164,9,20,3807,9,30,9057,9,33,13090
OAS1_0161,Very Mild Demented,8,8,12,405,8,21,1893,8,28,6006,8,28,10109,8,28,12615
OAS1_0164,Very Mild Demented,8,8,7,210,8,19,1241,8,23,3849,8,26,7710,8,28,11327
OAS1_0166,Very Mild Demented,8,8,3,42,8,15,886,8,27,4191,8,28,8875,8,28,11869
OAS1_0179,Very Mild Demented,8,8,9,157,8,12,986,8,17,4272,8,28,9482,8,28,12204
OAS1_0205,Very Mild Demented,9,7,6,4,9,11,37,9,12,376,9,14,1932,9,20,5908
OAS1_0210,Very Mild Demented,9,5,4,1,9,5,28,9,7,299,9,12,1605,9,17,5204
OAS1_0217,Very Mild Demented,9,9,6,66,9,8,658,9,21,4135,9,33,10552,9,36,14111
OAS1_0226,Very Mild Demented,9,9,5,102,9,12,1067,9,24,4210,9,33,9773,9,36,13764
OAS1_0233,Very Mild Demented,8,8,7,397,8,8,2043,8,24,6060,8,28,10933,8,28,13138
OAS1_0238,Very Mild Demented,8,8,10,649,8,22,2853,8,28,6446,8,28,10514,8,28,12845
OAS1_0240,Very Mild Demented,9,9,7,223,9,15,1498,9,21,5549,9,31,11317,9,36,14423
OAS1_0243,Very Mild Demented,9,8,5,228,8,13,1175,9,13,3751,9,13,7706,9,31,11380
OAS1_0247,Very Mild Demented,8,8,6,103,8,9,786,8,21,3934,8,28,9859,8,28,12636
OAS1_0263,Very Mild Demented,9,5,3,0,7,6,55,8,6,293,9,9,1143,9,18,2905
OAS1_0267,Very Mild Demented,8,7,3,67,7,4,385,8,8,1542,8,14,3795,8,19,6704
OAS1_0272,Very Mild Demented,9,8,5,187,9,9,1108,9,16,3814,9,20,9131,9,22,12928
OAS1_0273,Very Mild Demented,8,2,1,0,6,4,78,6,7,449,8,15,1376,8,19,3374
OAS1_0286,Very Mild Demented,9,9,11,117,9,25,1042,9,34,4003,9,36,9199,9,36,13738
OAS1_0287,Very Mild Demented,8,8,9,366,8,11,2093,8,25,6380,8,28,10878,8,28,13126
OAS1_0288,Very Mild Demented,9,8,11,6,9,12,323,9,16,2070,9,29,6048,9,36,11234
OAS1_0290,Very Mild Demented,8,7,5,29,8,8,362,8,11,1940,8,22,5752,8,24,9332
OAS1_0298,Very Mild Demented,8,8,5,493,8,15,2272,8,22,6234,8,28,10564,8,28,13029
OAS1_0300,Very Mild Demented,8,5,2,8,7,5,224,8,7,1636,8,15,4672,8,17,7969
OAS1_0304,Very Mild Demented,9,8,3,65,9,10,539,9,12,2640,9,24,6799,9,31,12665
OAS1_0307,Very Mild Demented,9,5,4,1,9,7,148,9,12,547,9,12,2465,9,15,6288
OAS1_0312,Very Mild Demented,9,9,3,60,9,9,683,9,19,3182,9,24,8244,9,36,13174
OAS1_0315,Very Mild Demented,9,7,3,114,9,8,981,9,14,4112,9,28,8984,9,34,12739
OAS1_0329,Very Mild Demented,8,7,3,11,8,7,439,8,19,2804,8,28,8150,8,28,12341
OAS1_0335,Very Mild Demented,8,8,3,153,8,9,964,8,16,2985,8,25,6441,8,26,10395
OAS1_0339,Very Mild Demented,9,8,3,90,9,12,996,9,23,4549,9,33,10741,9,36,14175
OAS1_0352,Very Mild Demented,8,8,5,320,8,17,1622,8,22,5226,8,28,9803,8,28,12391
OAS1_0362,Very Mild Demented,9,8,18,442,9,25,2434,9,35,6912,9,36,12396,9,36,15027
OAS1_0374,Very Mild Demented,9,9,9,61,9,11,782,9,16,3166,9,25,7977,9,30,12109
OAS1_0380,Very Mild Demented,9,5,3,14,9,9,211,9,19,1473,9,28,4518,9,33,9298
OAS1_0028,Mild Demented,24,22,22,114,24,54,1310,24,91,5512,24,151,14918,24,232,27192
OAS1_0031,Mild Demented,23,22,26,145,23,35,1915,23,53,7220,23,123,14997,23,166,22711
OAS1_0035,Mild Demented,24,19,18,33,23,43,613,24,56,3913,24,96,10803,24,121,18543
OAS1_0052,Mild Demented,24,21,16,21,23,43,272,24,59,1678,24,88,6847,24,136,17432
OAS1_0053,Mild Demented,24,12,9,15,21,19,185,24,35,858,24,71,3187,24,124,9940
OAS1_0056,Mild Demented,24,24,29,234,24,58,2110,24,107,10128,24,178,22111,24,225,33481
OAS1_0067,Mild Demented,24,18,14,49,24,29,933,24,63,3894,24,93,9949,24,139,17317
OAS1_0073,Mild Demented,24,18,14,139,24,59,1586,24,106,7865,24,169,19309,24,229,30656
OAS1_0122,Mild Demented,23,23,23,69,23,41,818,23,75,4431,23,140,15126,23,209,29228
OAS1_0134,Mild Demented,24,17,16,14,23,32,397,24,65,2832,24,133,9718,24,189,20931
OAS1_0137,Mild Demented,23,21,26,427,23,64,3501,23,126,13183,23,192,24890,23,229,33290
OAS1_0184,Mild Demented,24,24,43,494,24,105,4421,24,203,15953,24,264,29678,24,276,38208
OAS1_0185,Mild Demented,24,22,20,315,24,58,3435,24,150,12760,24,219,24556,24,264,34427
OAS1_0223,Mild Demented,24,18,14,9,24,31,199,24,59,1317,24,82,5541,24,111,14672
OAS1_0268,Mild Demented,24,21,25,257,24,84,1541,24,148,6705,24,211,18151,24,269,31493
OAS1_0269,Mild Demented,24,24,50,1274,24,161,6537,24,236,16630,24,264,29125,24,276,37246
OAS1_0278,Mild Demented,24,24,32,69,24,68,1091,24,89,5221,24,126,13199,24,160,22016
OAS1_0291,Mild Demented,24,21,32,873,24,85,4326,24,139,11958,24,187,22457,24,244,33347
OAS1_0316,Mild Demented,23,23,41,815,23,146,4928,23,240,15726,23,253,28493,23,253,35740
OAS1_0373,Mild Demented,24,23,42,375,24,73,2715,24,205,13086,24,258,27676,24,274,36112
OAS1_0382,Mild Demented,24,24,121,1414,24,191,6297,24,219,15396,24,257,28348,24,276,36373
OAS1_0308,Moderate Demented,244,242,2310,3680,244,6628,29736,244,13941,109338,244,23174,237059,244,28239,319986
OAS1_0351,Moderate Demented,244,241,1801,1181,244,4660,13868,244,8640,67202,244,13717,158283,244,20085,240527
