filepath,class_name,class_id,subject_id,session,scan,slice_idx,fold,heldout_subject,role
oasis_subset\Moderate dementia\OAS1_0351_MR1_mpr-1_102.jpg,Moderate Demented,3,OAS1_0351,MR1,mpr-1,102,1,OAS1_0308,train
oasis_subset\Moderate dementia\OAS1_0308_MR1_mpr-2_134.jpg,Moderate Demented,3,OAS1_0308,MR1,mpr-2,134,1,OAS1_0308,heldout_test
oasis_subset\Moderate dementia\OAS1_0351_MR1_mpr-4_117.jpg,Moderate Demented,3,OAS1_0351,MR1,mpr-4,117,1,OAS1_0308,train
oasis_subset\Moderate dementia\OAS1_0308_MR1_mpr-3_140.jpg,Moderate Demented,3,OAS1_0308,MR1,mpr-3,140,1,OAS1_0308,heldout_test
oasis_subset\Moderate dementia\OAS1_0351_MR1_mpr-2_127.jpg,Moderate Demented,3,OAS1_0351,MR1,mpr-2,127,1,OAS1_0308,train
oasis_subset\Moderate dementia\OAS1_0351_MR1_mpr-3_107.jpg,Moderate Demented,3,OAS1_0351,MR1,mpr-3,107,1,OAS1_0308,train
oasis_subset\Moderate dementia\OAS1_0308_MR1_mpr-1_145.jpg,Moderate Demented,3,OAS1_0308,MR1,mpr-1,145,1,OAS1_0308,heldout_test
oasis_subset\Moderate dementia\OAS1_0308_MR1_mpr-4_151.jpg,Moderate Demented,3,OAS1_0308,MR1,mpr-4,151,1,OAS1_0308,heldout_test
oasis_subset\Moderate dementia\OAS1_0308_MR1_mpr-3_113.jpg,Moderate Demented,3,OAS1_0308,MR1,mpr-3,113,1,OAS1_0308,heldout_test
oasis_subset\Moderate dementia\OAS1_0351_MR1_mpr-2_122.jpg,Moderate Demented,3,OAS1_0351,MR1,mpr-2,122,1,OAS1_0308,train
oasis_subset\Moderate dementia\OAS1_0351_MR1_mpr-1_137.jpg,Moderate Demented,3,OAS1_0351,MR1,mpr-1,137,1,OAS1_0308,train
oasis_subset\Moderate dementia\OAS1_0351_MR1_mpr-3_155.jpg,Moderate Demented,3,OAS1_0351,MR1,mpr-3,155,1,OAS1_0308,train
oasis_subset\Moderate dementia\OAS1_0351_MR1_mpr-4_110.jpg,Moderate Demented,3,OAS1_0351,MR1,mpr-4,110,1,OAS1_0308,train
oasis_subset\Moderate dementia\OAS1_0308_MR1_mpr-1_129.jpg,Moderate Demented,3,OAS1_0308,MR1,mpr-1,129,1,OAS1_0308,heldout_test
oasis_subset\Moderate dementia\OAS1_0351_MR1_mpr-3_148.jpg,Moderate Demented,3,OAS1_0351,MR1,mpr-3,148,1,OAS1_0308,train
oasis_subset\Moderate dementia\OAS1_0308_MR1_mpr-4_159.jpg,Moderate Demented,3,OAS1_0308,MR1,mpr-4,159,1,OAS1_0308,heldout_test
oasis_subset\Moderate dementia\OAS1_0351_MR1_mpr-1_132.jpg,Moderate Demented,3,OAS1_0351,MR1,mpr-1,132,1,OAS1_0308,train
oasis_subset\Moderate dementia\OAS1_0351_MR1_mpr-2_143.jpg,Moderate Demented,3,OAS1_0351,MR1,mpr-2,143,1,OAS1_0308,train
oasis_subset\Moderate dementia\OAS1_0308_MR1_mpr-4_105.jpg,Moderate Demented,3,OAS1_0308,MR1,mpr-4,105,1,OAS1_0308,heldout_test
oasis_subset\Moderate dementia\OAS1_0351_MR1_mpr-3_100.jpg,Moderate Demented,3,OAS1_0351,MR1,mpr-3,100,1,OAS1_0308,train
oasis_subset\Moderate dementia\OAS1_0308_MR1_mpr-2_119.jpg,Moderate Demented,3,OAS1_0308,MR1,mpr-2,119,1,OAS1_0308,heldout_test
oasis_subset\Moderate dementia\OAS1_0351_MR1_mpr-1_114.jpg,Moderate Demented,3,OAS1_0351,MR1,mpr-1,114,1,OAS1_0308,train
oasis_subset\Moderate dementia\OAS1_0351_MR1_mpr-4_160.jpg,Moderate Demented,3,OAS1_0351,MR1,mpr-4,160,1,OAS1_0308,train
oasis_subset\Moderate dementia\OAS1_0308_MR1_mpr-3_137.jpg,Moderate Demented,3,OAS1_0308,MR1,mpr-3,137,1,OAS1_0308,heldout_test
oasis_subset\Moderate dementia\OAS1_0351_MR1_mpr-3_125.jpg,Moderate Demented,3,OAS1_0351,MR1,mpr-3,125,1,OAS1_0308,train
oasis_subset\Moderate dementia\OAS1_0308_MR1_mpr-1_109.jpg,Moderate Demented,3,OAS1_0308,MR1,mpr-1,109,1,OAS1_0308,heldout_test
oasis_subset\Moderate dementia\OAS1_0308_MR1_mpr-4_147.jpg,Moderate Demented,3,OAS1_0308,MR1,mpr-4,147,1,OAS1_0308,heldout_test
oasis_subset\Moderate dementia\OAS1_0351_MR1_mpr-2_151.jpg,Moderate Demented,3,OAS1_0351,MR1,mpr-2,151,1,OAS1_0308,train
oasis_subset\Moderate dementia\OAS1_0351_MR1_mpr-1_120.jpg,Moderate Demented,3,OAS1_0351,MR1,mpr-1,120,1,OAS1_0308,train
oasis_subset\Moderate dementia\OAS1_0308_MR1_mpr-2_102.jpg,Moderate Demented,3,OAS1_0308,MR1,mpr-2,102,1,OAS1_0308,heldout_test
oasis_subset\Moderate dementia\OAS1_0351_MR1_mpr-3_104.jpg,Moderate Demented,3,OAS1_0351,MR1,mpr-3,104,1,OAS1_0308,train
oasis_subset\Moderate dementia\OAS1_0351_MR1_mpr-2_134.jpg,Moderate Demented,3,OAS1_0351,MR1,mpr-2,134,1,OAS1_0308,train
oasis_subset\Moderate dementia\OAS1_0308_MR1_mpr-3_132.jpg,Moderate Demented,3,OAS1_0308,MR1,mpr-3,132,1,OAS1_0308,heldout_test
oasis_subset\Moderate dementia\OAS1_0308_MR1_mpr-1_155.jpg,Moderate Demented,3,OAS1_0308,MR1,mpr-1,155,1,OAS1_0308,heldout_test
oasis_subset\Moderate dementia\OAS1_0351_MR1_mpr-4_140.jpg,Moderate Demented,3,OAS1_0351,MR1,mpr-4,140,1,OAS1_0308,train
oasis_subset\Moderate dementia\OAS1_0351_MR1_mpr-2_146.jpg,Moderate Demented,3,OAS1_0351,MR1,mpr-2,146,1,OAS1_0308,train
oasis_subset\Moderate dementia\OAS1_0308_MR1_mpr-1_123.jpg,Moderate Demented,3,OAS1_0308,MR1,mpr-1,123,1,OAS1_0308,heldout_test
oasis_subset\Moderate dementia\OAS1_0308_MR1_mpr-4_142.jpg,Moderate Demented,3,OAS1_0308,MR1,mpr-4,142,1,OAS1_0308,heldout_test
oasis_subset\Moderate dementia\OAS1_0351_MR1_mpr-4_128.jpg,Moderate Demented,3,OAS1_0351,MR1,mpr-4,128,1,OAS1_0308,train
oasis_subset\Moderate dementia\OAS1_0351_MR1_mpr-2_112.jpg,Moderate Demented,3,OAS1_0351,MR1,mpr-2,112,1,OAS1_0308,train
oasis_subset\Moderate dementia\OAS1_0308_MR1_mpr-1_116.jpg,Moderate Demented,3,OAS1_0308,MR1,mpr-1,116,1,OAS1_0308,heldout_test
oasis_subset\Moderate dementia\OAS1_0351_MR1_mpr-1_105.jpg,Moderate Demented,3,OAS1_0351,MR1,mpr-1,105,1,OAS1_0308,train
oasis_subset\Moderate dementia\OAS1_0351_MR1_mpr-3_130.jpg,Moderate Demented,3,OAS1_0351,MR1,mpr-3,130,1,OAS1_0308,train
oasis_subset\Moderate dementia\OAS1_0308_MR1_mpr-2_137.jpg,Moderate Demented,3,OAS1_0308,MR1,mpr-2,137,1,OAS1_0308,heldout_test
oasis_subset\Moderate dementia\OAS1_0351_MR1_mpr-4_101.jpg,Moderate Demented,3,OAS1_0351,MR1,mpr-4,101,1,OAS1_0308,train
oasis_subset\Moderate dementia\OAS1_0351_MR1_mpr-3_158.jpg,Moderate Demented,3,OAS1_0351,MR1,mpr-3,158,1,OAS1_0308,train
oasis_subset\Moderate dementia\OAS1_0351_MR1_mpr-4_149.jpg,Moderate Demented,3,OAS1_0351,MR1,mpr-4,149,1,OAS1_0308,train
oasis_subset\Moderate dementia\OAS1_0308_MR1_mpr-2_144.jpg,Moderate Demented,3,OAS1_0308,MR1,mpr-2,144,1,OAS1_0308,heldout_test
oasis_subset\Moderate dementia\OAS1_0351_MR1_mpr-1_122.jpg,Moderate Demented,3,OAS1_0351,MR1,mpr-1,122,1,OAS1_0308,train
oasis_subset\Moderate dementia\OAS1_0351_MR1_mpr-2_118.jpg,Moderate Demented,3,OAS1_0351,MR1,mpr-2,118,1,OAS1_0308,train
oasis_subset\Moderate dementia\OAS1_0351_MR1_mpr-1_100.jpg,Moderate Demented,3,OAS1_0351,MR1,mpr-1,100,1,OAS1_0308,train
oasis_subset\Moderate dementia\OAS1_0308_MR1_mpr-3_149.jpg,Moderate Demented,3,OAS1_0308,MR1,mpr-3,149,1,OAS1_0308,heldout_test
oasis_subset\Moderate dementia\OAS1_0351_MR1_mpr-2_108.jpg,Moderate Demented,3,OAS1_0351,MR1,mpr-2,108,1,OAS1_0308,train
oasis_subset\Moderate dementia\OAS1_0308_MR1_mpr-1_136.jpg,Moderate Demented,3,OAS1_0308,MR1,mpr-1,136,1,OAS1_0308,heldout_test
oasis_subset\Moderate dementia\OAS1_0308_MR1_mpr-4_121.jpg,Moderate Demented,3,OAS1_0308,MR1,mpr-4,121,1,OAS1_0308,heldout_test
oasis_subset\Moderate dementia\OAS1_0308_MR1_mpr-3_126.jpg,Moderate Demented,3,OAS1_0308,MR1,mpr-3,126,1,OAS1_0308,heldout_test
oasis_subset\Moderate dementia\OAS1_0351_MR1_mpr-2_115.jpg,Moderate Demented,3,OAS1_0351,MR1,mpr-2,115,1,OAS1_0308,train
oasis_subset\Moderate dementia\OAS1_0351_MR1_mpr-4_106.jpg,Moderate Demented,3,OAS1_0351,MR1,mpr-4,106,1,OAS1_0308,train
oasis_subset\Moderate dementia\OAS1_0351_MR1_mpr-3_119.jpg,Moderate Demented,3,OAS1_0351,MR1,mpr-3,119,1,OAS1_0308,train
oasis_subset\Moderate dementia\OAS1_0308_MR1_mpr-4_100.jpg,Moderate Demented,3,OAS1_0308,MR1,mpr-4,100,1,OAS1_0308,heldout_test
oasis_subset\Moderate dementia\OAS1_0308_MR1_mpr-2_157.jpg,Moderate Demented,3,OAS1_0308,MR1,mpr-2,157,1,OAS1_0308,heldout_test
oasis_subset\Moderate dementia\OAS1_0351_MR1_mpr-1_125.jpg,Moderate Demented,3,OAS1_0351,MR1,mpr-1,125,1,OAS1_0308,train
oasis_subset\Moderate dementia\OAS1_0308_MR1_mpr-3_153.jpg,Moderate Demented,3,OAS1_0308,MR1,mpr-3,153,1,OAS1_0308,heldout_test
oasis_subset\Moderate dementia\OAS1_0351_MR1_mpr-4_121.jpg,Moderate Demented,3,OAS1_0351,MR1,mpr-4,121,1,OAS1_0308,train
oasis_subset\Moderate dementia\OAS1_0351_MR1_mpr-3_113.jpg,Moderate Demented,3,OAS1_0351,MR1,mpr-3,113,1,OAS1_0308,train
oasis_subset\Moderate dementia\OAS1_0351_MR1_mpr-3_102.jpg,Moderate Demented,3,OAS1_0351,MR1,mpr-3,102,1,OAS1_0308,train
oasis_subset\Moderate dementia\OAS1_0351_MR1_mpr-1_135.jpg,Moderate Demented,3,OAS1_0351,MR1,mpr-1,135,1,OAS1_0308,train
oasis_subset\Moderate dementia\OAS1_0351_MR1_mpr-1_111.jpg,Moderate Demented,3,OAS1_0351,MR1,mpr-1,111,1,OAS1_0308,train
oasis_subset\Moderate dementia\OAS1_0351_MR1_mpr-4_130.jpg,Moderate Demented,3,OAS1_0351,MR1,mpr-4,130,1,OAS1_0308,train
oasis_subset\Moderate dementia\OAS1_0351_MR1_mpr-2_105.jpg,Moderate Demented,3,OAS1_0351,MR1,mpr-2,105,1,OAS1_0308,train
oasis_subset\Moderate dementia\OAS1_0308_MR1_mpr-4_137.jpg,Moderate Demented,3,OAS1_0308,MR1,mpr-4,137,1,OAS1_0308,heldout_test
oasis_subset\Moderate dementia\OAS1_0351_MR1_mpr-4_152.jpg,Moderate Demented,3,OAS1_0351,MR1,mpr-4,152,1,OAS1_0308,train
oasis_subset\Moderate dementia\OAS1_0351_MR1_mpr-3_143.jpg,Moderate Demented,3,OAS1_0351,MR1,mpr-3,143,1,OAS1_0308,train
oasis_subset\Moderate dementia\OAS1_0351_MR1_mpr-2_102.jpg,Moderate Demented,3,OAS1_0351,MR1,mpr-2,102,1,OAS1_0308,train
oasis_subset\Moderate dementia\OAS1_0351_MR1_mpr-3_139.jpg,Moderate Demented,3,OAS1_0351,MR1,mpr-3,139,1,OAS1_0308,train
oasis_subset\Moderate dementia\OAS1_0351_MR1_mpr-1_117.jpg,Moderate Demented,3,OAS1_0351,MR1,mpr-1,117,1,OAS1_0308,train
oasis_subset\Moderate dementia\OAS1_0351_MR1_mpr-2_130.jpg,Moderate Demented,3,OAS1_0351,MR1,mpr-2,130,1,OAS1_0308,train
oasis_subset\Moderate dementia\OAS1_0351_MR1_mpr-4_125.jpg,Moderate Demented,3,OAS1_0351,MR1,mpr-4,125,1,OAS1_0308,train
oasis_subset\Moderate dementia\OAS1_0308_MR1_mpr-2_146.jpg,Moderate Demented,3,OAS1_0308,MR1,mpr-2,146,1,OAS1_0308,heldout_test
oasis_subset\Moderate dementia\OAS1_0308_MR1_mpr-1_133.jpg,Moderate Demented,3,OAS1_0308,MR1,mpr-1,133,1,OAS1_0308,heldout_test
oasis_subset\Moderate dementia\OAS1_0308_MR1_mpr-3_123.jpg,Moderate Demented,3,OAS1_0308,MR1,mpr-3,123,1,OAS1_0308,heldout_test
oasis_subset\Moderate dementia\OAS1_0351_MR1_mpr-3_152.jpg,Moderate Demented,3,OAS1_0351,MR1,mpr-3,152,1,OAS1_0308,train
oasis_subset\Moderate dementia\OAS1_0351_MR1_mpr-2_140.jpg,Moderate Demented,3,OAS1_0351,MR1,mpr-2,140,1,OAS1_0308,train
oasis_subset\Moderate dementia\OAS1_0351_MR1_mpr-1_108.jpg,Moderate Demented,3,OAS1_0351,MR1,mpr-1,108,1,OAS1_0308,train
oasis_subset\Moderate dementia\OAS1_0351_MR1_mpr-3_116.jpg,Moderate Demented,3,OAS1_0351,MR1,mpr-3,116,1,OAS1_0308,train
oasis_subset\Moderate dementia\OAS1_0351_MR1_mpr-4_143.jpg,Moderate Demented,3,OAS1_0351,MR1,mpr-4,143,1,OAS1_0308,train
oasis_subset\Moderate dementia\OAS1_0351_MR1_mpr-2_148.jpg,Moderate Demented,3,OAS1_0351,MR1,mpr-2,148,1,OAS1_0308,train
oasis_subset\Moderate dementia\OAS1_0308_MR1_mpr-4_134.jpg,Moderate Demented,3,OAS1_0308,MR1,mpr-4,134,1,OAS1_0308,heldout_test
oasis_subset\Moderate dementia\OAS1_0308_MR1_mpr-1_141.jpg,Moderate Demented,3,OAS1_0308,MR1,mpr-1,141,1,OAS1_0308,heldout_test
oasis_subset\Moderate dementia\OAS1_0351_MR1_mpr-3_121.jpg,Moderate Demented,3,OAS1_0351,MR1,mpr-3,121,1,OAS1_0308,train
oasis_subset\Moderate dementia\OAS1_0351_MR1_mpr-1_128.jpg,Moderate Demented,3,OAS1_0351,MR1,mpr-1,128,1,OAS1_0308,train
oasis_subset\Moderate dementia\OAS1_0351_MR1_mpr-4_119.jpg,Moderate Demented,3,OAS1_0351,MR1,mpr-4,119,1,OAS1_0308,train
oasis_subset\Moderate dementia\OAS1_0351_MR1_mpr-3_109.jpg,Moderate Demented,3,OAS1_0351,MR1,mpr-3,109,1,OAS1_0308,train
oasis_subset\Moderate dementia\OAS1_0308_MR1_mpr-3_103.jpg,Moderate Demented,3,OAS1_0308,MR1,mpr-3,103,1,OAS1_0308,heldout_test
oasis_subset\Moderate dementia\OAS1_0308_MR1_mpr-4_108.jpg,Moderate Demented,3,OAS1_0308,MR1,mpr-4,108,1,OAS1_0308,heldout_test
oasis_subset\Moderate dementia\OAS1_0308_MR1_mpr-1_138.jpg,Moderate Demented,3,OAS1_0308,MR1,mpr-1,138,1,OAS1_0308,heldout_test
oasis_subset\Moderate dementia\OAS1_0308_MR1_mpr-3_109.jpg,Moderate Demented,3,OAS1_0308,MR1,mpr-3,109,1,OAS1_0308,heldout_test
oasis_subset\Moderate dementia\OAS1_0308_MR1_mpr-2_113.jpg,Moderate Demented,3,OAS1_0308,MR1,mpr-2,113,1,OAS1_0308,heldout_test
oasis_subset\Moderate dementia\OAS1_0308_MR1_mpr-2_140.jpg,Moderate Demented,3,OAS1_0308,MR1,mpr-2,140,1,OAS1_0308,heldout_test
oasis_subset\Moderate dementia\OAS1_0308_MR1_mpr-1_160.jpg,Moderate Demented,3,OAS1_0308,MR1,mpr-1,160,1,OAS1_0308,heldout_test
oasis_subset\Moderate dementia\OAS1_0351_MR1_mpr-1_102.jpg,Moderate Demented,3,OAS1_0351,MR1,mpr-1,102,2,OAS1_0351,heldout_test
oasis_subset\Moderate dementia\OAS1_0308_MR1_mpr-2_134.jpg,Moderate Demented,3,OAS1_0308,MR1,mpr-2,134,2,OAS1_0351,train
oasis_subset\Moderate dementia\OAS1_0351_MR1_mpr-4_117.jpg,Moderate Demented,3,OAS1_0351,MR1,mpr-4,117,2,OAS1_0351,heldout_test
oasis_subset\Moderate dementia\OAS1_0308_MR1_mpr-3_140.jpg,Moderate Demented,3,OAS1_0308,MR1,mpr-3,140,2,OAS1_0351,train
oasis_subset\Moderate dementia\OAS1_0351_MR1_mpr-2_127.jpg,Moderate Demented,3,OAS1_0351,MR1,mpr-2,127,2,OAS1_0351,heldout_test
oasis_subset\Moderate dementia\OAS1_0351_MR1_mpr-3_107.jpg,Moderate Demented,3,OAS1_0351,MR1,mpr-3,107,2,OAS1_0351,heldout_test
oasis_subset\Moderate dementia\OAS1_0308_MR1_mpr-1_145.jpg,Moderate Demented,3,OAS1_0308,MR1,mpr-1,145,2,OAS1_0351,train
oasis_subset\Moderate dementia\OAS1_0308_MR1_mpr-4_151.jpg,Moderate Demented,3,OAS1_0308,MR1,mpr-4,151,2,OAS1_0351,train
oasis_subset\Moderate dementia\OAS1_0308_MR1_mpr-3_113.jpg,Moderate Demented,3,OAS1_0308,MR1,mpr-3,113,2,OAS1_0351,train
oasis_subset\Moderate dementia\OAS1_0351_MR1_mpr-2_122.jpg,Moderate Demented,3,OAS1_0351,MR1,mpr-2,122,2,OAS1_0351,heldout_test
oasis_subset\Moderate dementia\OAS1_0351_MR1_mpr-1_137.jpg,Moderate Demented,3,OAS1_0351,MR1,mpr-1,137,2,OAS1_0351,heldout_test
oasis_subset\Moderate dementia\OAS1_0351_MR1_mpr-3_155.jpg,Moderate Demented,3,OAS1_0351,MR1,mpr-3,155,2,OAS1_0351,heldout_test
oasis_subset\Moderate dementia\OAS1_0351_MR1_mpr-4_110.jpg,Moderate Demented,3,OAS1_0351,MR1,mpr-4,110,2,OAS1_0351,heldout_test
oasis_subset\Moderate dementia\OAS1_0308_MR1_mpr-1_129.jpg,Moderate Demented,3,OAS1_0308,MR1,mpr-1,129,2,OAS1_0351,train
oasis_subset\Moderate dementia\OAS1_0351_MR1_mpr-3_148.jpg,Moderate Demented,3,OAS1_0351,MR1,mpr-3,148,2,OAS1_0351,heldout_test
oasis_subset\Moderate dementia\OAS1_0308_MR1_mpr-4_159.jpg,Moderate Demented,3,OAS1_0308,MR1,mpr-4,159,2,OAS1_0351,train
oasis_subset\Moderate dementia\OAS1_0351_MR1_mpr-1_132.jpg,Moderate Demented,3,OAS1_0351,MR1,mpr-1,132,2,OAS1_0351,heldout_test
oasis_subset\Moderate dementia\OAS1_0351_MR1_mpr-2_143.jpg,Moderate Demented,3,OAS1_0351,MR1,mpr-2,143,2,OAS1_0351,heldout_test
oasis_subset\Moderate dementia\OAS1_0308_MR1_mpr-4_105.jpg,Moderate Demented,3,OAS1_0308,MR1,mpr-4,105,2,OAS1_0351,train
oasis_subset\Moderate dementia\OAS1_0351_MR1_mpr-3_100.jpg,Moderate Demented,3,OAS1_0351,MR1,mpr-3,100,2,OAS1_0351,heldout_test
oasis_subset\Moderate dementia\OAS1_0308_MR1_mpr-2_119.jpg,Moderate Demented,3,OAS1_0308,MR1,mpr-2,119,2,OAS1_0351,train
oasis_subset\Moderate dementia\OAS1_0351_MR1_mpr-1_114.jpg,Moderate Demented,3,OAS1_0351,MR1,mpr-1,114,2,OAS1_0351,heldout_test
oasis_subset\Moderate dementia\OAS1_0351_MR1_mpr-4_160.jpg,Moderate Demented,3,OAS1_0351,MR1,mpr-4,160,2,OAS1_0351,heldout_test
oasis_subset\Moderate dementia\OAS1_0308_MR1_mpr-3_137.jpg,Moderate Demented,3,OAS1_0308,MR1,mpr-3,137,2,OAS1_0351,train
oasis_subset\Moderate dementia\OAS1_0351_MR1_mpr-3_125.jpg,Moderate Demented,3,OAS1_0351,MR1,mpr-3,125,2,OAS1_0351,heldout_test
oasis_subset\Moderate dementia\OAS1_0308_MR1_mpr-1_109.jpg,Moderate Demented,3,OAS1_0308,MR1,mpr-1,109,2,OAS1_0351,train
oasis_subset\Moderate dementia\OAS1_0308_MR1_mpr-4_147.jpg,Moderate Demented,3,OAS1_0308,MR1,mpr-4,147,2,OAS1_0351,train
oasis_subset\Moderate dementia\OAS1_0351_MR1_mpr-2_151.jpg,Moderate Demented,3,OAS1_0351,MR1,mpr-2,151,2,OAS1_0351,heldout_test
oasis_subset\Moderate dementia\OAS1_0351_MR1_mpr-1_120.jpg,Moderate Demented,3,OAS1_0351,MR1,mpr-1,120,2,OAS1_0351,heldout_test
oasis_subset\Moderate dementia\OAS1_0308_MR1_mpr-2_102.jpg,Moderate Demented,3,OAS1_0308,MR1,mpr-2,102,2,OAS1_0351,train
oasis_subset\Moderate dementia\OAS1_0351_MR1_mpr-3_104.jpg,Moderate Demented,3,OAS1_0351,MR1,mpr-3,104,2,OAS1_0351,heldout_test
oasis_subset\Moderate dementia\OAS1_0351_MR1_mpr-2_134.jpg,Moderate Demented,3,OAS1_0351,MR1,mpr-2,134,2,OAS1_0351,heldout_test
oasis_subset\Moderate dementia\OAS1_0308_MR1_mpr-3_132.jpg,Moderate Demented,3,OAS1_0308,MR1,mpr-3,132,2,OAS1_0351,train
oasis_subset\Moderate dementia\OAS1_0308_MR1_mpr-1_155.jpg,Moderate Demented,3,OAS1_0308,MR1,mpr-1,155,2,OAS1_0351,train
oasis_subset\Moderate dementia\OAS1_0351_MR1_mpr-4_140.jpg,Moderate Demented,3,OAS1_0351,MR1,mpr-4,140,2,OAS1_0351,heldout_test
oasis_subset\Moderate dementia\OAS1_0351_MR1_mpr-2_146.jpg,Moderate Demented,3,OAS1_0351,MR1,mpr-2,146,2,OAS1_0351,heldout_test
oasis_subset\Moderate dementia\OAS1_0308_MR1_mpr-1_123.jpg,Moderate Demented,3,OAS1_0308,MR1,mpr-1,123,2,OAS1_0351,train
oasis_subset\Moderate dementia\OAS1_0308_MR1_mpr-4_142.jpg,Moderate Demented,3,OAS1_0308,MR1,mpr-4,142,2,OAS1_0351,train
oasis_subset\Moderate dementia\OAS1_0351_MR1_mpr-4_128.jpg,Moderate Demented,3,OAS1_0351,MR1,mpr-4,128,2,OAS1_0351,heldout_test
oasis_subset\Moderate dementia\OAS1_0351_MR1_mpr-2_112.jpg,Moderate Demented,3,OAS1_0351,MR1,mpr-2,112,2,OAS1_0351,heldout_test
oasis_subset\Moderate dementia\OAS1_0308_MR1_mpr-1_116.jpg,Moderate Demented,3,OAS1_0308,MR1,mpr-1,116,2,OAS1_0351,train
oasis_subset\Moderate dementia\OAS1_0351_MR1_mpr-1_105.jpg,Moderate Demented,3,OAS1_0351,MR1,mpr-1,105,2,OAS1_0351,heldout_test
oasis_subset\Moderate dementia\OAS1_0351_MR1_mpr-3_130.jpg,Moderate Demented,3,OAS1_0351,MR1,mpr-3,130,2,OAS1_0351,heldout_test
oasis_subset\Moderate dementia\OAS1_0308_MR1_mpr-2_137.jpg,Moderate Demented,3,OAS1_0308,MR1,mpr-2,137,2,OAS1_0351,train
oasis_subset\Moderate dementia\OAS1_0351_MR1_mpr-4_101.jpg,Moderate Demented,3,OAS1_0351,MR1,mpr-4,101,2,OAS1_0351,heldout_test
oasis_subset\Moderate dementia\OAS1_0351_MR1_mpr-3_158.jpg,Moderate Demented,3,OAS1_0351,MR1,mpr-3,158,2,OAS1_0351,heldout_test
oasis_subset\Moderate dementia\OAS1_0351_MR1_mpr-4_149.jpg,Moderate Demented,3,OAS1_0351,MR1,mpr-4,149,2,OAS1_0351,heldout_test
oasis_subset\Moderate dementia\OAS1_0308_MR1_mpr-2_144.jpg,Moderate Demented,3,OAS1_0308,MR1,mpr-2,144,2,OAS1_0351,train
oasis_subset\Moderate dementia\OAS1_0351_MR1_mpr-1_122.jpg,Moderate Demented,3,OAS1_0351,MR1,mpr-1,122,2,OAS1_0351,heldout_test
oasis_subset\Moderate dementia\OAS1_0351_MR1_mpr-2_118.jpg,Moderate Demented,3,OAS1_0351,MR1,mpr-2,118,2,OAS1_0351,heldout_test
oasis_subset\Moderate dementia\OAS1_0351_MR1_mpr-1_100.jpg,Moderate Demented,3,OAS1_0351,MR1,mpr-1,100,2,OAS1_0351,heldout_test
oasis_subset\Moderate dementia\OAS1_0308_MR1_mpr-3_149.jpg,Moderate Demented,3,OAS1_0308,MR1,mpr-3,149,2,OAS1_0351,train
oasis_subset\Moderate dementia\OAS1_0351_MR1_mpr-2_108.jpg,Moderate Demented,3,OAS1_0351,MR1,mpr-2,108,2,OAS1_0351,heldout_test
oasis_subset\Moderate dementia\OAS1_0308_MR1_mpr-1_136.jpg,Moderate Demented,3,OAS1_0308,MR1,mpr-1,136,2,OAS1_0351,train
oasis_subset\Moderate dementia\OAS1_0308_MR1_mpr-4_121.jpg,Moderate Demented,3,OAS1_0308,MR1,mpr-4,121,2,OAS1_0351,train
oasis_subset\Moderate dementia\OAS1_0308_MR1_mpr-3_126.jpg,Moderate Demented,3,OAS1_0308,MR1,mpr-3,126,2,OAS1_0351,train
oasis_subset\Moderate dementia\OAS1_0351_MR1_mpr-2_115.jpg,Moderate Demented,3,OAS1_0351,MR1,mpr-2,115,2,OAS1_0351,heldout_test
oasis_subset\Moderate dementia\OAS1_0351_MR1_mpr-4_106.jpg,Moderate Demented,3,OAS1_0351,MR1,mpr-4,106,2,OAS1_0351,heldout_test
oasis_subset\Moderate dementia\OAS1_0351_MR1_mpr-3_119.jpg,Moderate Demented,3,OAS1_0351,MR1,mpr-3,119,2,OAS1_0351,heldout_test
oasis_subset\Moderate dementia\OAS1_0308_MR1_mpr-4_100.jpg,Moderate Demented,3,OAS1_0308,MR1,mpr-4,100,2,OAS1_0351,train
oasis_subset\Moderate dementia\OAS1_0308_MR1_mpr-2_157.jpg,Moderate Demented,3,OAS1_0308,MR1,mpr-2,157,2,OAS1_0351,train
oasis_subset\Moderate dementia\OAS1_0351_MR1_mpr-1_125.jpg,Moderate Demented,3,OAS1_0351,MR1,mpr-1,125,2,OAS1_0351,heldout_test
oasis_subset\Moderate dementia\OAS1_0308_MR1_mpr-3_153.jpg,Moderate Demented,3,OAS1_0308,MR1,mpr-3,153,2,OAS1_0351,train
oasis_subset\Moderate dementia\OAS1_0351_MR1_mpr-4_121.jpg,Moderate Demented,3,OAS1_0351,MR1,mpr-4,121,2,OAS1_0351,heldout_test
oasis_subset\Moderate dementia\OAS1_0351_MR1_mpr-3_113.jpg,Moderate Demented,3,OAS1_0351,MR1,mpr-3,113,2,OAS1_0351,heldout_test
oasis_subset\Moderate dementia\OAS1_0351_MR1_mpr-3_102.jpg,Moderate Demented,3,OAS1_0351,MR1,mpr-3,102,2,OAS1_0351,heldout_test
oasis_subset\Moderate dementia\OAS1_0351_MR1_mpr-1_135.jpg,Moderate Demented,3,OAS1_0351,MR1,mpr-1,135,2,OAS1_0351,heldout_test
oasis_subset\Moderate dementia\OAS1_0351_MR1_mpr-1_111.jpg,Moderate Demented,3,OAS1_0351,MR1,mpr-1,111,2,OAS1_0351,heldout_test
oasis_subset\Moderate dementia\OAS1_0351_MR1_mpr-4_130.jpg,Moderate Demented,3,OAS1_0351,MR1,mpr-4,130,2,OAS1_0351,heldout_test
oasis_subset\Moderate dementia\OAS1_0351_MR1_mpr-2_105.jpg,Moderate Demented,3,OAS1_0351,MR1,mpr-2,105,2,OAS1_0351,heldout_test
oasis_subset\Moderate dementia\OAS1_0308_MR1_mpr-4_137.jpg,Moderate Demented,3,OAS1_0308,MR1,mpr-4,137,2,OAS1_0351,train
oasis_subset\Moderate dementia\OAS1_0351_MR1_mpr-4_152.jpg,Moderate Demented,3,OAS1_0351,MR1,mpr-4,152,2,OAS1_0351,heldout_test
oasis_subset\Moderate dementia\OAS1_0351_MR1_mpr-3_143.jpg,Moderate Demented,3,OAS1_0351,MR1,mpr-3,143,2,OAS1_0351,heldout_test
oasis_subset\Moderate dementia\OAS1_0351_MR1_mpr-2_102.jpg,Moderate Demented,3,OAS1_0351,MR1,mpr-2,102,2,OAS1_0351,heldout_test
oasis_subset\Moderate dementia\OAS1_0351_MR1_mpr-3_139.jpg,Moderate Demented,3,OAS1_0351,MR1,mpr-3,139,2,OAS1_0351,heldout_test
oasis_subset\Moderate dementia\OAS1_0351_MR1_mpr-1_117.jpg,Moderate Demented,3,OAS1_0351,MR1,mpr-1,117,2,OAS1_0351,heldout_test
oasis_subset\Moderate dementia\OAS1_0351_MR1_mpr-2_130.jpg,Moderate Demented,3,OAS1_0351,MR1,mpr-2,130,2,OAS1_0351,heldout_test
oasis_subset\Moderate dementia\OAS1_0351_MR1_mpr-4_125.jpg,Moderate Demented,3,OAS1_0351,MR1,mpr-4,125,2,OAS1_0351,heldout_test
oasis_subset\Moderate dementia\OAS1_0308_MR1_mpr-2_146.jpg,Moderate Demented,3,OAS1_0308,MR1,mpr-2,146,2,OAS1_0351,train
oasis_subset\Moderate dementia\OAS1_0308_MR1_mpr-1_133.jpg,Moderate Demented,3,OAS1_0308,MR1,mpr-1,133,2,OAS1_0351,train
oasis_subset\Moderate dementia\OAS1_0308_MR1_mpr-3_123.jpg,Moderate Demented,3,OAS1_0308,MR1,mpr-3,123,2,OAS1_0351,train
oasis_subset\Moderate dementia\OAS1_0351_MR1_mpr-3_152.jpg,Moderate Demented,3,OAS1_0351,MR1,mpr-3,152,2,OAS1_0351,heldout_test
oasis_subset\Moderate dementia\OAS1_0351_MR1_mpr-2_140.jpg,Moderate Demented,3,OAS1_0351,MR1,mpr-2,140,2,OAS1_0351,heldout_test
oasis_subset\Moderate dementia\OAS1_0351_MR1_mpr-1_108.jpg,Moderate Demented,3,OAS1_0351,MR1,mpr-1,108,2,OAS1_0351,heldout_test
oasis_subset\Moderate dementia\OAS1_0351_MR1_mpr-3_116.jpg,Moderate Demented,3,OAS1_0351,MR1,mpr-3,116,2,OAS1_0351,heldout_test
oasis_subset\Moderate dementia\OAS1_0351_MR1_mpr-4_143.jpg,Moderate Demented,3,OAS1_0351,MR1,mpr-4,143,2,OAS1_0351,heldout_test
oasis_subset\Moderate dementia\OAS1_0351_MR1_mpr-2_148.jpg,Moderate Demented,3,OAS1_0351,MR1,mpr-2,148,2,OAS1_0351,heldout_test
oasis_subset\Moderate dementia\OAS1_0308_MR1_mpr-4_134.jpg,Moderate Demented,3,OAS1_0308,MR1,mpr-4,134,2,OAS1_0351,train
oasis_subset\Moderate dementia\OAS1_0308_MR1_mpr-1_141.jpg,Moderate Demented,3,OAS1_0308,MR1,mpr-1,141,2,OAS1_0351,train
oasis_subset\Moderate dementia\OAS1_0351_MR1_mpr-3_121.jpg,Moderate Demented,3,OAS1_0351,MR1,mpr-3,121,2,OAS1_0351,heldout_test
oasis_subset\Moderate dementia\OAS1_0351_MR1_mpr-1_128.jpg,Moderate Demented,3,OAS1_0351,MR1,mpr-1,128,2,OAS1_0351,heldout_test
oasis_subset\Moderate dementia\OAS1_0351_MR1_mpr-4_119.jpg,Moderate Demented,3,OAS1_0351,MR1,mpr-4,119,2,OAS1_0351,heldout_test
oasis_subset\Moderate dementia\OAS1_0351_MR1_mpr-3_109.jpg,Moderate Demented,3,OAS1_0351,MR1,mpr-3,109,2,OAS1_0351,heldout_test
oasis_subset\Moderate dementia\OAS1_0308_MR1_mpr-3_103.jpg,Moderate Demented,3,OAS1_0308,MR1,mpr-3,103,2,OAS1_0351,train
oasis_subset\Moderate dementia\OAS1_0308_MR1_mpr-4_108.jpg,Moderate Demented,3,OAS1_0308,MR1,mpr-4,108,2,OAS1_0351,train
oasis_subset\Moderate dementia\OAS1_0308_MR1_mpr-1_138.jpg,Moderate Demented,3,OAS1_0308,MR1,mpr-1,138,2,OAS1_0351,train
oasis_subset\Moderate dementia\OAS1_0308_MR1_mpr-3_109.jpg,Moderate Demented,3,OAS1_0308,MR1,mpr-3,109,2,OAS1_0351,train
oasis_subset\Moderate dementia\OAS1_0308_MR1_mpr-2_113.jpg,Moderate Demented,3,OAS1_0308,MR1,mpr-2,113,2,OAS1_0351,train
oasis_subset\Moderate dementia\OAS1_0308_MR1_mpr-2_140.jpg,Moderate Demented,3,OAS1_0308,MR1,mpr-2,140,2,OAS1_0351,train
oasis_subset\Moderate dementia\OAS1_0308_MR1_mpr-1_160.jpg,Moderate Demented,3,OAS1_0308,MR1,mpr-1,160,2,OAS1_0351,train
