class_id,class_name,slice_idx,image_count,class_percentage
0,Non Demented,100,1102,1.639344262295082
0,Non Demented,101,1102,1.639344262295082
0,Non Demented,102,1102,1.639344262295082
0,Non Demented,103,1102,1.639344262295082
0,Non Demented,104,1102,1.639344262295082
0,Non Demented,105,1102,1.639344262295082
0,Non Demented,106,1102,1.639344262295082
0,Non Demented,107,1102,1.639344262295082
0,Non Demented,108,1102,1.639344262295082
0,Non Demented,109,1102,1.639344262295082
0,Non Demented,110,1102,1.639344262295082
0,Non Demented,111,1102,1.639344262295082
0,Non Demented,112,1102,1.639344262295082
0,Non Demented,113,1102,1.639344262295082
0,Non Demented,114,1102,1.639344262295082
0,Non Demented,115,1102,1.639344262295082
0,Non Demented,116,1102,1.639344262295082
0,Non Demented,117,1102,1.639344262295082
0,Non Demented,118,1102,1.639344262295082
0,Non Demented,119,1102,1.639344262295082
0,Non Demented,120,1102,1.639344262295082
0,Non Demented,121,1102,1.639344262295082
0,Non Demented,122,1102,1.639344262295082
0,Non Demented,123,1102,1.639344262295082
0,Non Demented,124,1102,1.639344262295082
0,Non Demented,125,1102,1.639344262295082
0,Non Demented,126,1102,1.639344262295082
0,Non Demented,127,1102,1.639344262295082
0,Non Demented,128,1102,1.639344262295082
0,Non Demented,129,1102,1.639344262295082
0,Non Demented,130,1102,1.639344262295082
0,Non Demented,131,1102,1.639344262295082
0,Non Demented,132,1102,1.639344262295082
0,Non Demented,133,1102,1.639344262295082
0,Non Demented,134,1102,1.639344262295082
0,Non Demented,135,1102,1.639344262295082
0,Non Demented,136,1102,1.639344262295082
0,Non Demented,137,1102,1.639344262295082
0,Non Demented,138,1102,1.639344262295082
0,Non Demented,139,1102,1.639344262295082
0,Non Demented,140,1102,1.639344262295082
0,Non Demented,141,1102,1.639344262295082
0,Non Demented,142,1102,1.639344262295082
0,Non Demented,143,1102,1.639344262295082
0,Non Demented,144,1102,1.639344262295082
0,Non Demented,145,1102,1.639344262295082
0,Non Demented,146,1102,1.639344262295082
0,Non Demented,147,1102,1.639344262295082
0,Non Demented,148,1102,1.639344262295082
0,Non Demented,149,1102,1.639344262295082
0,Non Demented,150,1102,1.639344262295082
0,Non Demented,151,1102,1.639344262295082
0,Non Demented,152,1102,1.639344262295082
0,Non Demented,153,1102,1.639344262295082
0,Non Demented,154,1102,1.639344262295082
0,Non Demented,155,1102,1.639344262295082
0,Non Demented,156,1102,1.639344262295082
0,Non Demented,157,1102,1.639344262295082
0,Non Demented,158,1102,1.639344262295082
0,Non Demented,159,1102,1.639344262295082
0,Non Demented,160,1102,1.639344262295082
1,Very Mild Demented,100,225,1.639344262295082
1,Very Mild Demented,101,225,1.639344262295082
1,Very Mild Demented,102,225,1.639344262295082
1,Very Mild Demented,103,225,1.639344262295082
1,Very Mild Demented,104,225,1.639344262295082
1,Very Mild Demented,105,225,1.639344262295082
1,Very Mild Demented,106,225,1.639344262295082
1,Very Mild Demented,107,225,1.639344262295082
1,Very Mild Demented,108,225,1.639344262295082
1,Very Mild Demented,109,225,1.639344262295082
1,Very Mild Demented,110,225,1.639344262295082
1,Very Mild Demented,111,225,1.639344262295082
1,Very Mild Demented,112,225,1.639344262295082
1,Very Mild Demented,113,225,1.639344262295082
1,Very Mild Demented,114,225,1.639344262295082
1,Very Mild Demented,115,225,1.639344262295082
1,Very Mild Demented,116,225,1.639344262295082
1,Very Mild Demented,117,225,1.639344262295082
1,Very Mild Demented,118,225,1.639344262295082
1,Very Mild Demented,119,225,1.639344262295082
1,Very Mild Demented,120,225,1.639344262295082
1,Very Mild Demented,121,225,1.639344262295082
1,Very Mild Demented,122,225,1.639344262295082
1,Very Mild Demented,123,225,1.639344262295082
1,Very Mild Demented,124,225,1.639344262295082
1,Very Mild Demented,125,225,1.639344262295082
1,Very Mild Demented,126,225,1.639344262295082
1,Very Mild Demented,127,225,1.639344262295082
1,Very Mild Demented,128,225,1.639344262295082
1,Very Mild Demented,129,225,1.639344262295082
1,Very Mild Demented,130,225,1.639344262295082
1,Very Mild Demented,131,225,1.639344262295082
1,Very Mild Demented,132,225,1.639344262295082
1,Very Mild Demented,133,225,1.639344262295082
1,Very Mild Demented,134,225,1.639344262295082
1,Very Mild Demented,135,225,1.639344262295082
1,Very Mild Demented,136,225,1.639344262295082
1,Very Mild Demented,137,225,1.639344262295082
1,Very Mild Demented,138,225,1.639344262295082
1,Very Mild Demented,139,225,1.639344262295082
1,Very Mild Demented,140,225,1.639344262295082
1,Very Mild Demented,141,225,1.639344262295082
1,Very Mild Demented,142,225,1.639344262295082
1,Very Mild Demented,143,225,1.639344262295082
1,Very Mild Demented,144,225,1.639344262295082
1,Very Mild Demented,145,225,1.639344262295082
1,Very Mild Demented,146,225,1.639344262295082
1,Very Mild Demented,147,225,1.639344262295082
1,Very Mild Demented,148,225,1.639344262295082
1,Very Mild Demented,149,225,1.639344262295082
1,Very Mild Demented,150,225,1.639344262295082
1,Very Mild Demented,151,225,1.639344262295082
1,Very Mild Demented,152,225,1.639344262295082
1,Very Mild Demented,153,225,1.639344262295082
1,Very Mild Demented,154,225,1.639344262295082
1,Very Mild Demented,155,225,1.639344262295082
1,Very Mild Demented,156,225,1.639344262295082
1,Very Mild Demented,157,225,1.639344262295082
1,Very Mild Demented,158,225,1.639344262295082
1,Very Mild Demented,159,225,1.639344262295082
1,Very Mild Demented,160,225,1.639344262295082
2,Mild Demented,100,82,1.639344262295082
2,Mild Demented,101,82,1.639344262295082
2,Mild Demented,102,82,1.639344262295082
2,Mild Demented,103,82,1.639344262295082
2,Mild Demented,104,82,1.639344262295082
2,Mild Demented,105,82,1.639344262295082
2,Mild Demented,106,82,1.639344262295082
2,Mild Demented,107,82,1.639344262295082
2,Mild Demented,108,82,1.639344262295082
2,Mild Demented,109,82,1.639344262295082
2,Mild Demented,110,82,1.639344262295082
2,Mild Demented,111,82,1.639344262295082
2,Mild Demented,112,82,1.639344262295082
2,Mild Demented,113,82,1.639344262295082
2,Mild Demented,114,82,1.639344262295082
2,Mild Demented,115,82,1.639344262295082
2,Mild Demented,116,82,1.639344262295082
2,Mild Demented,117,82,1.639344262295082
2,Mild Demented,118,82,1.639344262295082
2,Mild Demented,119,82,1.639344262295082
2,Mild Demented,120,82,1.639344262295082
2,Mild Demented,121,82,1.639344262295082
2,Mild Demented,122,82,1.639344262295082
2,Mild Demented,123,82,1.639344262295082
2,Mild Demented,124,82,1.639344262295082
2,Mild Demented,125,82,1.639344262295082
2,Mild Demented,126,82,1.639344262295082
2,Mild Demented,127,82,1.639344262295082
2,Mild Demented,128,82,1.639344262295082
2,Mild Demented,129,82,1.639344262295082
2,Mild Demented,130,82,1.639344262295082
2,Mild Demented,131,82,1.639344262295082
2,Mild Demented,132,82,1.639344262295082
2,Mild Demented,133,82,1.639344262295082
2,Mild Demented,134,82,1.639344262295082
2,Mild Demented,135,82,1.639344262295082
2,Mild Demented,136,82,1.639344262295082
2,Mild Demented,137,82,1.639344262295082
2,Mild Demented,138,82,1.639344262295082
2,Mild Demented,139,82,1.639344262295082
2,Mild Demented,140,82,1.639344262295082
2,Mild Demented,141,82,1.639344262295082
2,Mild Demented,142,82,1.639344262295082
2,Mild Demented,143,82,1.639344262295082
2,Mild Demented,144,82,1.639344262295082
2,Mild Demented,145,82,1.639344262295082
2,Mild Demented,146,82,1.639344262295082
2,Mild Demented,147,82,1.639344262295082
2,Mild Demented,148,82,1.639344262295082
2,Mild Demented,149,82,1.639344262295082
2,Mild Demented,150,82,1.639344262295082
2,Mild Demented,151,82,1.639344262295082
2,Mild Demented,152,82,1.639344262295082
2,Mild Demented,153,82,1.639344262295082
2,Mild Demented,154,82,1.639344262295082
2,Mild Demented,155,82,1.639344262295082
2,Mild Demented,156,82,1.639344262295082
2,Mild Demented,157,82,1.639344262295082
2,Mild Demented,158,82,1.639344262295082
2,Mild Demented,159,82,1.639344262295082
2,Mild Demented,160,82,1.639344262295082
3,Moderate Demented,100,8,1.639344262295082
3,Moderate Demented,101,8,1.639344262295082
3,Moderate Demented,102,8,1.639344262295082
3,Moderate Demented,103,8,1.639344262295082
3,Moderate Demented,104,8,1.639344262295082
3,Moderate Demented,105,8,1.639344262295082
3,Moderate Demented,106,8,1.639344262295082
3,Moderate Demented,107,8,1.639344262295082
3,Moderate Demented,108,8,1.639344262295082
3,Moderate Demented,109,8,1.639344262295082
3,Moderate Demented,110,8,1.639344262295082
3,Moderate Demented,111,8,1.639344262295082
3,Moderate Demented,112,8,1.639344262295082
3,Moderate Demented,113,8,1.639344262295082
3,Moderate Demented,114,8,1.639344262295082
3,Moderate Demented,115,8,1.639344262295082
3,Moderate Demented,116,8,1.639344262295082
3,Moderate Demented,117,8,1.639344262295082
3,Moderate Demented,118,8,1.639344262295082
3,Moderate Demented,119,8,1.639344262295082
3,Moderate Demented,120,8,1.639344262295082
3,Moderate Demented,121,8,1.639344262295082
3,Moderate Demented,122,8,1.639344262295082
3,Moderate Demented,123,8,1.639344262295082
3,Moderate Demented,124,8,1.639344262295082
3,Moderate Demented,125,8,1.639344262295082
3,Moderate Demented,126,8,1.639344262295082
3,Moderate Demented,127,8,1.639344262295082
3,Moderate Demented,128,8,1.639344262295082
3,Moderate Demented,129,8,1.639344262295082
3,Moderate Demented,130,8,1.639344262295082
3,Moderate Demented,131,8,1.639344262295082
3,Moderate Demented,132,8,1.639344262295082
3,Moderate Demented,133,8,1.639344262295082
3,Moderate Demented,134,8,1.639344262295082
3,Moderate Demented,135,8,1.639344262295082
3,Moderate Demented,136,8,1.639344262295082
3,Moderate Demented,137,8,1.639344262295082
3,Moderate Demented,138,8,1.639344262295082
3,Moderate Demented,139,8,1.639344262295082
3,Moderate Demented,140,8,1.639344262295082
3,Moderate Demented,141,8,1.639344262295082
3,Moderate Demented,142,8,1.639344262295082
3,Moderate Demented,143,8,1.639344262295082
3,Moderate Demented,144,8,1.639344262295082
3,Moderate Demented,145,8,1.639344262295082
3,Moderate Demented,146,8,1.639344262295082
3,Moderate Demented,147,8,1.639344262295082
3,Moderate Demented,148,8,1.639344262295082
3,Moderate Demented,149,8,1.639344262295082
3,Moderate Demented,150,8,1.639344262295082
3,Moderate Demented,151,8,1.639344262295082
3,Moderate Demented,152,8,1.639344262295082
3,Moderate Demented,153,8,1.639344262295082
3,Moderate Demented,154,8,1.639344262295082
3,Moderate Demented,155,8,1.639344262295082
3,Moderate Demented,156,8,1.639344262295082
3,Moderate Demented,157,8,1.639344262295082
3,Moderate Demented,158,8,1.639344262295082
3,Moderate Demented,159,8,1.639344262295082
3,Moderate Demented,160,8,1.639344262295082
