class_id,class_name,subject_id,image_count,readable_images,median_quality,min_slice,max_slice
0,Non Demented,OAS1_0001,244,244,0.4840211440907069,100,160
0,Non Demented,OAS1_0002,244,244,0.4408526552683263,100,160
0,Non Demented,OAS1_0004,244,244,0.46487957213817577,100,160
0,Non Demented,OAS1_0005,244,244,0.6321961307028335,100,160
0,Non Demented,OAS1_0006,244,244,0.4321443341998584,100,160
0,Non Demented,OAS1_0007,122,122,0.43623842795815104,100,160
0,Non Demented,OAS1_0009,244,244,0.6972185293615168,100,160
0,Non Demented,OAS1_0010,244,244,0.48910630601535926,100,160
0,Non Demented,OAS1_0011,244,244,0.4445575382011565,100,160
0,Non Demented,OAS1_0012,244,244,0.5376789567656667,100,160
0,Non Demented,OAS1_0013,244,244,0.5036403695888991,100,160
0,Non Demented,OAS1_0014,244,244,0.4305128166078147,100,160
0,Non Demented,OAS1_0017,244,244,0.6659678077266774,100,160
0,Non Demented,OAS1_0018,244,244,0.6658220545118896,100,160
0,Non Demented,OAS1_0019,244,244,0.5670629078452121,100,160
0,Non Demented,OAS1_0020,183,183,0.38443265441042274,100,160
0,Non Demented,OAS1_0025,244,244,0.4200729510622919,100,160
0,Non Demented,OAS1_0026,183,183,0.4310092282791429,100,160
0,Non Demented,OAS1_0027,244,244,0.48409141582304177,100,160
0,Non Demented,OAS1_0029,122,122,0.4951647469802777,100,160
0,Non Demented,OAS1_0030,244,244,0.506786414626159,100,160
0,Non Demented,OAS1_0032,244,244,0.37147726897992467,100,160
0,Non Demented,OAS1_0033,244,244,0.4438839856151378,100,160
0,Non Demented,OAS1_0034,183,183,0.527997383741118,100,160
0,Non Demented,OAS1_0037,244,244,0.6870042496285067,100,160
0,Non Demented,OAS1_0038,183,183,0.45421677803826993,100,160
0,Non Demented,OAS1_0040,244,244,0.48292786236798685,100,160
0,Non Demented,OAS1_0043,244,244,0.6456234055278005,100,160
0,Non Demented,OAS1_0044,244,244,0.39718162419897174,100,160
0,Non Demented,OAS1_0045,244,244,0.5182076239403133,100,160
0,Non Demented,OAS1_0047,244,244,0.6626543490410666,100,160
0,Non Demented,OAS1_0049,244,244,0.48249681864555777,100,160
0,Non Demented,OAS1_0050,244,244,0.44556145078863935,100,160
0,Non Demented,OAS1_0051,244,244,0.5043900268488313,100,160
0,Non Demented,OAS1_0054,244,244,0.4816435837564008,100,160
0,Non Demented,OAS1_0055,244,244,0.4976218774394485,100,160
0,Non Demented,OAS1_0057,183,183,0.3342510794808711,100,160
0,Non Demented,OAS1_0058,244,244,0.5657783078869747,100,160
0,Non Demented,OAS1_0059,244,244,0.4193797146365227,100,160
0,Non Demented,OAS1_0061,488,488,0.5353174108839336,100,160
0,Non Demented,OAS1_0062,244,244,0.3841624416785876,100,160
0,Non Demented,OAS1_0063,244,244,0.31073625842686625,100,160
0,Non Demented,OAS1_0064,244,244,0.5101382558330076,100,160
0,Non Demented,OAS1_0065,244,244,0.4004576346556594,100,160
0,Non Demented,OAS1_0068,244,244,0.5387924601499612,100,160
0,Non Demented,OAS1_0069,244,244,0.59873279102447,100,160
0,Non Demented,OAS1_0070,244,244,0.4067918453017621,100,160
0,Non Demented,OAS1_0071,244,244,0.4525880551891214,100,160
0,Non Demented,OAS1_0072,244,244,0.356104858873853,100,160
0,Non Demented,OAS1_0074,244,244,0.5564912342049726,100,160
0,Non Demented,OAS1_0075,244,244,0.4273511015660306,100,160
0,Non Demented,OAS1_0076,244,244,0.5596560339381451,100,160
0,Non Demented,OAS1_0077,244,244,0.4497999176245254,100,160
0,Non Demented,OAS1_0078,244,244,0.48672483139335887,100,160
0,Non Demented,OAS1_0079,244,244,0.21128326699701142,100,160
0,Non Demented,OAS1_0080,488,488,0.48538425431387455,100,160
0,Non Demented,OAS1_0081,183,183,0.38829381429311843,100,160
0,Non Demented,OAS1_0083,244,244,0.4777399656281521,100,160
0,Non Demented,OAS1_0085,244,244,0.47376652281151543,100,160
0,Non Demented,OAS1_0086,244,244,0.47420154924440594,100,160
0,Non Demented,OAS1_0087,244,244,0.4970408517118702,100,160
0,Non Demented,OAS1_0088,244,244,0.4718718121705644,100,160
0,Non Demented,OAS1_0090,244,244,0.5742618733026383,100,160
0,Non Demented,OAS1_0091,244,244,0.5300901506740137,100,160
0,Non Demented,OAS1_0092,488,488,0.4451254803156769,100,160
0,Non Demented,OAS1_0095,244,244,0.5408400262611537,100,160
0,Non Demented,OAS1_0096,244,244,0.44398237043563565,100,160
0,Non Demented,OAS1_0097,244,244,0.4471814803707623,100,160
0,Non Demented,OAS1_0099,244,244,0.41618329120410974,100,160
0,Non Demented,OAS1_0101,488,488,0.49598010060422937,100,160
0,Non Demented,OAS1_0102,244,244,0.7283016740562693,100,160
0,Non Demented,OAS1_0103,244,244,0.5505872746486548,100,160
0,Non Demented,OAS1_0104,183,183,0.4144095222706564,100,160
0,Non Demented,OAS1_0105,244,244,0.20924759796193743,100,160
0,Non Demented,OAS1_0106,244,244,0.44208508141463876,100,160
0,Non Demented,OAS1_0107,183,183,0.5593566621488184,100,160
0,Non Demented,OAS1_0108,183,183,0.6932614985822076,100,160
0,Non Demented,OAS1_0109,244,244,0.391172550323748,100,160
0,Non Demented,OAS1_0110,244,244,0.48567044423152095,100,160
0,Non Demented,OAS1_0111,488,488,0.4819863632047963,100,160
0,Non Demented,OAS1_0112,244,244,0.3842445318561934,100,160
0,Non Demented,OAS1_0113,244,244,0.5253195355095592,100,160
0,Non Demented,OAS1_0114,244,244,0.5330254487377022,100,160
0,Non Demented,OAS1_0116,183,183,0.40938140831224973,100,160
0,Non Demented,OAS1_0117,488,488,0.46565843771781895,100,160
0,Non Demented,OAS1_0119,183,183,0.5563303904544944,100,160
0,Non Demented,OAS1_0121,244,244,0.5261456528032755,100,160
0,Non Demented,OAS1_0125,244,244,0.3572813665040682,100,160
0,Non Demented,OAS1_0126,183,183,0.4282776835248124,100,160
0,Non Demented,OAS1_0127,183,183,0.5231183775616487,100,160
0,Non Demented,OAS1_0129,244,244,0.6163435942320217,100,160
0,Non Demented,OAS1_0130,244,244,0.5797524430979387,100,160
0,Non Demented,OAS1_0131,244,244,0.4378110115961581,100,160
0,Non Demented,OAS1_0132,244,244,0.6074015942325135,100,160
0,Non Demented,OAS1_0133,244,244,0.5053018987929394,100,160
0,Non Demented,OAS1_0135,244,244,0.6499166708710824,100,160
0,Non Demented,OAS1_0136,244,244,0.33656974687366303,100,160
0,Non Demented,OAS1_0138,244,244,0.3542605368232403,100,160
0,Non Demented,OAS1_0139,244,244,0.5775324910651387,100,160
0,Non Demented,OAS1_0140,183,183,0.5203862185708239,100,160
0,Non Demented,OAS1_0141,183,183,0.4236677869460832,100,160
0,Non Demented,OAS1_0144,244,244,0.5044753436386844,100,160
0,Non Demented,OAS1_0145,488,488,0.6103947371821425,100,160
0,Non Demented,OAS1_0146,244,244,0.5358136016898132,100,160
0,Non Demented,OAS1_0147,244,244,0.5030226682861332,100,160
0,Non Demented,OAS1_0148,183,183,0.4685408895482212,100,160
0,Non Demented,OAS1_0150,488,488,0.4214375822557208,100,160
0,Non Demented,OAS1_0151,244,244,0.5177880003435578,100,160
0,Non Demented,OAS1_0152,244,244,0.5133307222058442,100,160
0,Non Demented,OAS1_0153,244,244,0.39335094333916487,100,160
0,Non Demented,OAS1_0156,488,488,0.5220237620641874,100,160
0,Non Demented,OAS1_0157,244,244,0.5237174108010709,100,160
0,Non Demented,OAS1_0159,183,183,0.47261163671198053,100,160
0,Non Demented,OAS1_0160,244,244,0.5981902869267257,100,160
0,Non Demented,OAS1_0162,244,244,0.44379808174136604,100,160
0,Non Demented,OAS1_0163,244,244,0.5003782674982264,100,160
0,Non Demented,OAS1_0165,183,183,0.48046589049250554,100,160
0,Non Demented,OAS1_0167,244,244,0.6482387058113168,100,160
0,Non Demented,OAS1_0168,244,244,0.5451099851439936,100,160
0,Non Demented,OAS1_0169,244,244,0.344380602987,100,160
0,Non Demented,OAS1_0170,244,244,0.5338085044109442,100,160
0,Non Demented,OAS1_0173,244,244,0.2480944194518256,100,160
0,Non Demented,OAS1_0174,244,244,0.18027450551621338,100,160
0,Non Demented,OAS1_0176,244,244,0.5217280738821406,100,160
0,Non Demented,OAS1_0177,183,183,0.3969393525269242,100,160
0,Non Demented,OAS1_0178,244,244,0.48054317273408964,100,160
0,Non Demented,OAS1_0180,244,244,0.4736289425577151,100,160
0,Non Demented,OAS1_0181,183,183,0.4602898074928008,100,160
0,Non Demented,OAS1_0182,244,244,0.5207402749392154,100,160
0,Non Demented,OAS1_0183,244,244,0.6016532032442441,100,160
0,Non Demented,OAS1_0186,244,244,0.44767608245974694,100,160
0,Non Demented,OAS1_0188,183,183,0.4632808199578537,100,160
0,Non Demented,OAS1_0189,244,244,0.49933492190149575,100,160
0,Non Demented,OAS1_0190,244,244,0.40175655407310007,100,160
0,Non Demented,OAS1_0191,488,488,0.5017087231190771,100,160
0,Non Demented,OAS1_0192,183,183,0.4937906176566925,100,160
0,Non Demented,OAS1_0193,244,244,0.4226462566695307,100,160
0,Non Demented,OAS1_0195,244,244,0.5108555389562383,100,160
0,Non Demented,OAS1_0197,244,244,0.6003158225953902,100,160
0,Non Demented,OAS1_0198,244,244,0.530528939083278,100,160
0,Non Demented,OAS1_0199,183,183,0.682605996610552,100,160
0,Non Demented,OAS1_0200,244,244,0.4340223613168472,100,160
0,Non Demented,OAS1_0201,244,244,0.4975107877230246,100,160
0,Non Demented,OAS1_0202,488,488,0.48027807054007665,100,160
0,Non Demented,OAS1_0203,244,244,0.519363697311069,100,160
0,Non Demented,OAS1_0204,244,244,0.5802494827082951,100,160
0,Non Demented,OAS1_0206,244,244,0.5553487297399167,100,160
0,Non Demented,OAS1_0207,183,183,0.5119655099677172,100,160
0,Non Demented,OAS1_0208,183,183,0.5081157629730727,100,160
0,Non Demented,OAS1_0209,244,244,0.5239833415704496,100,160
0,Non Demented,OAS1_0211,244,244,0.5743989432356122,100,160
0,Non Demented,OAS1_0212,244,244,0.40372494383611557,100,160
0,Non Demented,OAS1_0213,244,244,0.40527075619935043,100,160
0,Non Demented,OAS1_0214,183,183,0.4882531324969613,100,160
0,Non Demented,OAS1_0216,244,244,0.3794482948254044,100,160
0,Non Demented,OAS1_0218,244,244,0.3776556999661398,100,160
0,Non Demented,OAS1_0220,244,244,0.45329314960654965,100,160
0,Non Demented,OAS1_0221,244,244,0.3500457344562773,100,160
0,Non Demented,OAS1_0222,244,244,0.45203905476289985,100,160
0,Non Demented,OAS1_0224,244,244,0.5007076440856688,100,160
0,Non Demented,OAS1_0227,244,244,0.5130103264819693,100,160
0,Non Demented,OAS1_0228,244,244,0.5347638264931969,100,160
0,Non Demented,OAS1_0229,244,244,0.4799801599709794,100,160
0,Non Demented,OAS1_0230,488,488,0.43514256796631895,100,160
0,Non Demented,OAS1_0231,244,244,0.5220813525109856,100,160
0,Non Demented,OAS1_0232,244,244,0.4924558718525659,100,160
0,Non Demented,OAS1_0234,244,244,0.36751033921829324,100,160
0,Non Demented,OAS1_0235,183,183,0.6118986333226679,100,160
0,Non Demented,OAS1_0236,488,488,0.3502653227037134,100,160
0,Non Demented,OAS1_0237,244,244,0.4755264095565044,100,160
0,Non Demented,OAS1_0239,488,488,0.45229926060166653,100,160
0,Non Demented,OAS1_0241,244,244,0.46655794886441443,100,160
0,Non Demented,OAS1_0244,244,244,0.44252848114424287,100,160
0,Non Demented,OAS1_0246,244,244,0.556282953713022,100,160
0,Non Demented,OAS1_0249,488,488,0.4329834027167043,100,160
0,Non Demented,OAS1_0250,183,183,0.5695915114211454,100,160
0,Non Demented,OAS1_0253,244,244,0.5227149807901523,100,160
0,Non Demented,OAS1_0254,366,366,0.5567741148027112,100,160
0,Non Demented,OAS1_0255,244,244,0.47998350515747273,100,160
0,Non Demented,OAS1_0256,244,244,0.5950351351233136,100,160
0,Non Demented,OAS1_0258,183,183,0.4912390185580521,100,160
0,Non Demented,OAS1_0259,244,244,0.49848143566310604,100,160
0,Non Demented,OAS1_0260,244,244,0.7068591468413337,100,160
0,Non Demented,OAS1_0261,244,244,0.5186668709147151,100,160
0,Non Demented,OAS1_0262,244,244,0.505655333446869,100,160
0,Non Demented,OAS1_0264,244,244,0.5244246211542574,100,160
0,Non Demented,OAS1_0265,244,244,0.38341888953957914,100,160
0,Non Demented,OAS1_0266,244,244,0.5873563494436451,100,160
0,Non Demented,OAS1_0270,244,244,0.36191151093740803,100,160
0,Non Demented,OAS1_0271,244,244,0.598437144916404,100,160
0,Non Demented,OAS1_0274,244,244,0.46835177388018656,100,160
0,Non Demented,OAS1_0275,244,244,0.4685042712563213,100,160
0,Non Demented,OAS1_0277,244,244,0.46227642075853215,100,160
0,Non Demented,OAS1_0279,244,244,0.547161354013609,100,160
0,Non Demented,OAS1_0280,244,244,0.4413784790883952,100,160
0,Non Demented,OAS1_0281,244,244,0.39860928957556463,100,160
0,Non Demented,OAS1_0282,244,244,0.4349701967328129,100,160
0,Non Demented,OAS1_0283,244,244,0.37276214942439073,100,160
0,Non Demented,OAS1_0284,244,244,0.5429217749761271,100,160
0,Non Demented,OAS1_0285,488,488,0.4912884338459014,100,160
0,Non Demented,OAS1_0289,244,244,0.4000916480210438,100,160
0,Non Demented,OAS1_0292,244,244,0.4850750066134633,100,160
0,Non Demented,OAS1_0293,244,244,0.39864992972746427,100,160
0,Non Demented,OAS1_0294,183,183,0.4271200536638415,100,160
0,Non Demented,OAS1_0295,183,183,0.5565719342502826,100,160
0,Non Demented,OAS1_0296,244,244,0.3785611666601776,100,160
0,Non Demented,OAS1_0299,244,244,0.3606512211577648,100,160
0,Non Demented,OAS1_0301,244,244,0.4718649544598017,100,160
0,Non Demented,OAS1_0302,244,244,0.5309555670885642,100,160
0,Non Demented,OAS1_0303,244,244,0.4346913969850644,100,160
0,Non Demented,OAS1_0305,244,244,0.5287575118345598,100,160
0,Non Demented,OAS1_0309,244,244,0.466473027892516,100,160
0,Non Demented,OAS1_0310,244,244,0.4524865479426028,100,160
0,Non Demented,OAS1_0311,244,244,0.5607087449565712,100,160
0,Non Demented,OAS1_0313,244,244,0.5360910500927857,100,160
0,Non Demented,OAS1_0314,244,244,0.32535276258842233,100,160
0,Non Demented,OAS1_0317,244,244,0.6790126672213441,100,160
0,Non Demented,OAS1_0318,183,183,0.5102726782117625,100,160
0,Non Demented,OAS1_0319,244,244,0.6000373906001688,100,160
0,Non Demented,OAS1_0321,244,244,0.3117074923844855,100,160
0,Non Demented,OAS1_0322,244,244,0.4536153997688257,100,160
0,Non Demented,OAS1_0323,244,244,0.49592367324684405,100,160
0,Non Demented,OAS1_0325,183,183,0.42649045365103483,100,160
0,Non Demented,OAS1_0326,244,244,0.5007366620634032,100,160
0,Non Demented,OAS1_0327,244,244,0.49461598825537517,100,160
0,Non Demented,OAS1_0328,244,244,0.583748556063277,100,160
0,Non Demented,OAS1_0330,244,244,0.5282557200351279,100,160
0,Non Demented,OAS1_0331,244,244,0.6147400045647529,100,160
0,Non Demented,OAS1_0332,244,244,0.5555680628900719,100,160
0,Non Demented,OAS1_0333,244,244,0.5756346887863741,100,160
0,Non Demented,OAS1_0336,244,244,0.5690317321524799,100,160
0,Non Demented,OAS1_0337,183,183,0.49194759298054025,100,160
0,Non Demented,OAS1_0338,244,244,0.6391669171776715,100,160
0,Non Demented,OAS1_0340,244,244,0.5947591651950357,100,160
0,Non Demented,OAS1_0341,244,244,0.5041919169254558,100,160
0,Non Demented,OAS1_0342,244,244,0.529964158246529,100,160
0,Non Demented,OAS1_0343,244,244,0.48303502379922353,100,160
0,Non Demented,OAS1_0344,244,244,0.620816631294286,100,160
0,Non Demented,OAS1_0345,244,244,0.4543985852035194,100,160
0,Non Demented,OAS1_0346,244,244,0.4991092768191667,100,160
0,Non Demented,OAS1_0348,244,244,0.37618404556643803,100,160
0,Non Demented,OAS1_0349,244,244,0.39413579475383664,100,160
0,Non Demented,OAS1_0350,244,244,0.4842648075110375,100,160
0,Non Demented,OAS1_0353,488,488,0.3955955686212413,100,160
0,Non Demented,OAS1_0354,244,244,0.4349472462735038,100,160
0,Non Demented,OAS1_0355,244,244,0.6655990370004403,100,160
0,Non Demented,OAS1_0356,244,244,0.4907824643606057,100,160
0,Non Demented,OAS1_0357,244,244,0.45047798830251295,100,160
0,Non Demented,OAS1_0358,244,244,0.591824769826705,100,160
0,Non Demented,OAS1_0359,244,244,0.371228541918201,100,160
0,Non Demented,OAS1_0361,244,244,0.4328767818881648,100,160
0,Non Demented,OAS1_0363,244,244,0.3945108745980057,100,160
0,Non Demented,OAS1_0365,244,244,0.7139874207513808,100,160
0,Non Demented,OAS1_0366,244,244,0.6132808400437069,100,160
0,Non Demented,OAS1_0367,244,244,0.5107125512583761,100,160
0,Non Demented,OAS1_0368,488,488,0.5028360270456242,100,160
0,Non Demented,OAS1_0369,244,244,0.5924964240396287,100,160
0,Non Demented,OAS1_0370,183,183,0.6577432836018683,100,160
0,Non Demented,OAS1_0371,244,244,0.6279919331012769,100,160
0,Non Demented,OAS1_0372,183,183,0.5737351068153392,100,160
0,Non Demented,OAS1_0375,244,244,0.5537310414986083,100,160
0,Non Demented,OAS1_0376,244,244,0.5305898565919296,100,160
0,Non Demented,OAS1_0377,244,244,0.59696177623698,100,160
0,Non Demented,OAS1_0378,244,244,0.6313408100408162,100,160
0,Non Demented,OAS1_0379,488,488,0.40837434609480594,100,160
0,Non Demented,OAS1_0381,244,244,0.701771186483642,100,160
1,Very Mild Demented,OAS1_0003,244,244,0.430802025537334,100,160
1,Very Mild Demented,OAS1_0015,183,183,0.48595376840073684,100,160
1,Very Mild Demented,OAS1_0016,183,183,0.4735362668424188,100,160
1,Very Mild Demented,OAS1_0021,244,244,0.5144279818733668,100,160
1,Very Mild Demented,OAS1_0022,244,244,0.48378978297895975,100,160
1,Very Mild Demented,OAS1_0023,244,244,0.5849468970922608,100,160
1,Very Mild Demented,OAS1_0039,183,183,0.500183767557846,100,160
1,Very Mild Demented,OAS1_0041,244,244,0.5042125781643778,100,160
1,Very Mild Demented,OAS1_0042,244,244,0.5605694118406117,100,160
1,Very Mild Demented,OAS1_0046,244,244,0.47589955438515674,100,160
1,Very Mild Demented,OAS1_0060,244,244,0.42907199416897945,100,160
1,Very Mild Demented,OAS1_0066,244,244,0.39603582745790095,100,160
1,Very Mild Demented,OAS1_0082,244,244,0.7806730523040267,100,160
1,Very Mild Demented,OAS1_0084,244,244,0.5839664198744529,100,160
1,Very Mild Demented,OAS1_0094,244,244,0.5283888784643077,100,160
1,Very Mild Demented,OAS1_0098,244,244,0.4137210039177418,100,160
1,Very Mild Demented,OAS1_0115,244,244,0.588139702581556,100,160
1,Very Mild Demented,OAS1_0120,244,244,0.6444129404257402,100,160
1,Very Mild Demented,OAS1_0123,244,244,0.36797944008104566,100,160
1,Very Mild Demented,OAS1_0124,244,244,0.4628505936342327,100,160
1,Very Mild Demented,OAS1_0142,244,244,0.5580190273437606,100,160
1,Very Mild Demented,OAS1_0143,244,244,0.5722013350559719,100,160
1,Very Mild Demented,OAS1_0155,244,244,0.5090288850684462,100,160
1,Very Mild Demented,OAS1_0158,244,244,0.49041689302481817,100,160
1,Very Mild Demented,OAS1_0161,244,244,0.33519823662127257,100,160
1,Very Mild Demented,OAS1_0164,244,244,0.3508332452749872,100,160
1,Very Mild Demented,OAS1_0166,244,244,0.2818535503080772,100,160
1,Very Mild Demented,OAS1_0179,244,244,0.43591965342378913,100,160
1,Very Mild Demented,OAS1_0205,244,244,0.6411978171068884,100,160
1,Very Mild Demented,OAS1_0210,244,244,0.4743635679059694,100,160
1,Very Mild Demented,OAS1_0217,244,244,0.47493746791690455,100,160
1,Very Mild Demented,OAS1_0226,244,244,0.45968769452774144,100,160
1,Very Mild Demented,OAS1_0233,244,244,0.39230510633139826,100,160
1,Very Mild Demented,OAS1_0238,244,244,0.41587309448225807,100,160
1,Very Mild Demented,OAS1_0240,183,183,0.4890133377228627,100,160
1,Very Mild Demented,OAS1_0243,244,244,0.5162714110501715,100,160
1,Very Mild Demented,OAS1_0247,244,244,0.430397480123774,100,160
1,Very Mild Demented,OAS1_0263,244,244,0.5593609431634465,100,160
1,Very Mild Demented,OAS1_0267,183,183,0.39457976903631814,100,160
1,Very Mild Demented,OAS1_0272,244,244,0.5598742075501233,100,160
1,Very Mild Demented,OAS1_0273,183,183,0.4662958956919867,100,160
1,Very Mild Demented,OAS1_0286,244,244,0.4987684837413012,100,160
1,Very Mild Demented,OAS1_0287,244,244,0.4099855657131713,100,160
1,Very Mild Demented,OAS1_0288,244,244,0.4769695092951597,100,160
1,Very Mild Demented,OAS1_0290,244,244,0.39652972980069057,100,160
1,Very Mild Demented,OAS1_0298,244,244,0.4618970985997052,100,160
1,Very Mild Demented,OAS1_0300,244,244,0.4362810944266811,100,160
1,Very Mild Demented,OAS1_0304,244,244,0.5894345279434912,100,160
1,Very Mild Demented,OAS1_0307,244,244,0.59623634145584,100,160
1,Very Mild Demented,OAS1_0312,244,244,0.6597611156417231,100,160
1,Very Mild Demented,OAS1_0315,244,244,0.5431066638657642,100,160
1,Very Mild Demented,OAS1_0329,244,244,0.3882835605634144,100,160
1,Very Mild Demented,OAS1_0335,244,244,0.4530864891875164,100,160
1,Very Mild Demented,OAS1_0339,244,244,0.47007750026202433,100,160
1,Very Mild Demented,OAS1_0352,183,183,0.4127667710922201,100,160
1,Very Mild Demented,OAS1_0362,244,244,0.5868263179537876,100,160
1,Very Mild Demented,OAS1_0374,244,244,0.5118694801008066,100,160
1,Very Mild Demented,OAS1_0380,244,244,0.46084717192807395,100,160
2,Mild Demented,OAS1_0028,244,244,0.5936723504224483,100,160
2,Mild Demented,OAS1_0031,244,244,0.39567721128210753,100,160
2,Mild Demented,OAS1_0035,244,244,0.5051335034388152,100,160
2,Mild Demented,OAS1_0052,244,244,0.5200286169592597,100,160
2,Mild Demented,OAS1_0053,244,244,0.46673483084753964,100,160
2,Mild Demented,OAS1_0056,244,244,0.5792321461621801,100,160
2,Mild Demented,OAS1_0067,183,183,0.4886548647396702,100,160
2,Mild Demented,OAS1_0073,244,244,0.5062434752854834,100,160
2,Mild Demented,OAS1_0122,244,244,0.43593442273058025,100,160
2,Mild Demented,OAS1_0134,244,244,0.5006860176055652,100,160
2,Mild Demented,OAS1_0137,244,244,0.44263419922018404,100,160
2,Mild Demented,OAS1_0184,244,244,0.5739239558857717,100,160
2,Mild Demented,OAS1_0185,244,244,0.52807949183558,100,160
2,Mild Demented,OAS1_0223,183,183,0.5225781275380522,100,160
2,Mild Demented,OAS1_0268,244,244,0.5620713571035707,100,160
2,Mild Demented,OAS1_0269,244,244,0.45938133396314385,100,160
2,Mild Demented,OAS1_0278,244,244,0.5195737395027755,100,160
2,Mild Demented,OAS1_0291,244,244,0.4736217365428754,100,160
2,Mild Demented,OAS1_0316,244,244,0.4037002558264844,100,160
2,Mild Demented,OAS1_0373,244,244,0.4818759719869525,100,160
2,Mild Demented,OAS1_0382,244,244,0.459521211816015,100,160
3,Moderate Demented,OAS1_0308,244,244,0.4276866711411566,100,160
3,Moderate Demented,OAS1_0351,244,244,0.6047961149933874,100,160
