class_name,class_id,subject_id,selected_count,available_count,subject_quota
Non Demented,0,OAS1_0001,2,244,2
Non Demented,0,OAS1_0002,2,244,2
Non Demented,0,OAS1_0004,2,244,2
Non Demented,0,OAS1_0005,2,244,2
Non Demented,0,OAS1_0006,2,244,2
Non Demented,0,OAS1_0007,2,122,2
Non Demented,0,OAS1_0009,2,244,2
Non Demented,0,OAS1_0010,2,244,2
Non Demented,0,OAS1_0011,2,244,2
Non Demented,0,OAS1_0012,2,244,2
Non Demented,0,OAS1_0013,2,244,2
Non Demented,0,OAS1_0014,2,244,2
Non Demented,0,OAS1_0017,2,244,2
Non Demented,0,OAS1_0018,2,244,2
Non Demented,0,OAS1_0019,2,244,2
Non Demented,0,OAS1_0020,1,183,1
Non Demented,0,OAS1_0025,2,244,2
Non Demented,0,OAS1_0026,2,183,2
Non Demented,0,OAS1_0027,2,244,2
Non Demented,0,OAS1_0029,2,122,2
Non Demented,0,OAS1_0030,2,244,2
Non Demented,0,OAS1_0032,1,244,1
Non Demented,0,OAS1_0033,2,244,2
Non Demented,0,OAS1_0034,2,183,2
Non Demented,0,OAS1_0037,2,244,2
Non Demented,0,OAS1_0038,2,183,2
Non Demented,0,OAS1_0040,2,244,2
Non Demented,0,OAS1_0043,2,244,2
Non Demented,0,OAS1_0044,2,244,2
Non Demented,0,OAS1_0045,2,244,2
Non Demented,0,OAS1_0047,2,244,2
Non Demented,0,OAS1_0049,2,244,2
Non Demented,0,OAS1_0050,2,244,2
Non Demented,0,OAS1_0051,2,244,2
Non Demented,0,OAS1_0054,2,244,2
Non Demented,0,OAS1_0055,2,244,2
Non Demented,0,OAS1_0057,1,183,1
Non Demented,0,OAS1_0058,2,244,2
Non Demented,0,OAS1_0059,2,244,2
Non Demented,0,OAS1_0061,2,488,2
Non Demented,0,OAS1_0062,1,244,1
Non Demented,0,OAS1_0063,2,244,2
Non Demented,0,OAS1_0064,2,244,2
Non Demented,0,OAS1_0065,2,244,2
Non Demented,0,OAS1_0068,2,244,2
Non Demented,0,OAS1_0069,2,244,2
Non Demented,0,OAS1_0070,1,244,1
Non Demented,0,OAS1_0071,2,244,2
Non Demented,0,OAS1_0072,2,244,2
Non Demented,0,OAS1_0074,2,244,2
Non Demented,0,OAS1_0075,2,244,2
Non Demented,0,OAS1_0076,2,244,2
Non Demented,0,OAS1_0077,2,244,2
Non Demented,0,OAS1_0078,2,244,2
Non Demented,0,OAS1_0079,1,244,1
Non Demented,0,OAS1_0080,2,488,2
Non Demented,0,OAS1_0081,1,183,1
Non Demented,0,OAS1_0083,2,244,2
Non Demented,0,OAS1_0085,2,244,2
Non Demented,0,OAS1_0086,2,244,2
Non Demented,0,OAS1_0087,2,244,2
Non Demented,0,OAS1_0088,2,244,2
Non Demented,0,OAS1_0090,2,244,2
Non Demented,0,OAS1_0091,2,244,2
Non Demented,0,OAS1_0092,2,488,2
Non Demented,0,OAS1_0095,2,244,2
Non Demented,0,OAS1_0096,2,244,2
Non Demented,0,OAS1_0097,2,244,2
Non Demented,0,OAS1_0099,2,244,2
Non Demented,0,OAS1_0101,2,488,2
Non Demented,0,OAS1_0102,2,244,2
Non Demented,0,OAS1_0103,2,244,2
Non Demented,0,OAS1_0104,2,183,2
Non Demented,0,OAS1_0105,1,244,1
Non Demented,0,OAS1_0106,2,244,2
Non Demented,0,OAS1_0107,2,183,2
Non Demented,0,OAS1_0108,2,183,2
Non Demented,0,OAS1_0109,1,244,1
Non Demented,0,OAS1_0110,2,244,2
Non Demented,0,OAS1_0111,2,488,2
Non Demented,0,OAS1_0112,1,244,1
Non Demented,0,OAS1_0113,2,244,2
Non Demented,0,OAS1_0114,2,244,2
Non Demented,0,OAS1_0116,2,183,2
Non Demented,0,OAS1_0117,2,488,2
Non Demented,0,OAS1_0119,2,183,2
Non Demented,0,OAS1_0121,2,244,2
Non Demented,0,OAS1_0125,2,244,2
Non Demented,0,OAS1_0126,2,183,2
Non Demented,0,OAS1_0127,2,183,2
Non Demented,0,OAS1_0129,2,244,2
Non Demented,0,OAS1_0130,2,244,2
Non Demented,0,OAS1_0131,2,244,2
Non Demented,0,OAS1_0132,2,244,2
Non Demented,0,OAS1_0133,2,244,2
Non Demented,0,OAS1_0135,2,244,2
Non Demented,0,OAS1_0136,1,244,1
Non Demented,0,OAS1_0138,1,244,1
Non Demented,0,OAS1_0139,2,244,2
Non Demented,0,OAS1_0140,2,183,2
Non Demented,0,OAS1_0141,2,183,2
Non Demented,0,OAS1_0144,2,244,2
Non Demented,0,OAS1_0145,2,488,2
Non Demented,0,OAS1_0146,2,244,2
Non Demented,0,OAS1_0147,2,244,2
Non Demented,0,OAS1_0148,2,183,2
Non Demented,0,OAS1_0150,2,488,2
Non Demented,0,OAS1_0151,2,244,2
Non Demented,0,OAS1_0152,2,244,2
Non Demented,0,OAS1_0153,1,244,1
Non Demented,0,OAS1_0156,2,488,2
Non Demented,0,OAS1_0157,2,244,2
Non Demented,0,OAS1_0159,2,183,2
Non Demented,0,OAS1_0160,2,244,2
Non Demented,0,OAS1_0162,2,244,2
Non Demented,0,OAS1_0163,2,244,2
Non Demented,0,OAS1_0165,2,183,2
Non Demented,0,OAS1_0167,2,244,2
Non Demented,0,OAS1_0168,2,244,2
Non Demented,0,OAS1_0169,1,244,1
Non Demented,0,OAS1_0170,2,244,2
Non Demented,0,OAS1_0173,1,244,1
Non Demented,0,OAS1_0174,1,244,1
Non Demented,0,OAS1_0176,2,244,2
Non Demented,0,OAS1_0177,1,183,1
Non Demented,0,OAS1_0178,2,244,2
Non Demented,0,OAS1_0180,2,244,2
Non Demented,0,OAS1_0181,2,183,2
Non Demented,0,OAS1_0182,2,244,2
Non Demented,0,OAS1_0183,2,244,2
Non Demented,0,OAS1_0186,2,244,2
Non Demented,0,OAS1_0188,2,183,2
Non Demented,0,OAS1_0189,2,244,2
Non Demented,0,OAS1_0190,2,244,2
Non Demented,0,OAS1_0191,2,488,2
Non Demented,0,OAS1_0192,2,183,2
Non Demented,0,OAS1_0193,2,244,2
Non Demented,0,OAS1_0195,2,244,2
Non Demented,0,OAS1_0197,2,244,2
Non Demented,0,OAS1_0198,2,244,2
Non Demented,0,OAS1_0199,2,183,2
Non Demented,0,OAS1_0200,2,244,2
Non Demented,0,OAS1_0201,2,244,2
Non Demented,0,OAS1_0202,2,488,2
Non Demented,0,OAS1_0203,2,244,2
Non Demented,0,OAS1_0204,2,244,2
Non Demented,0,OAS1_0206,2,244,2
Non Demented,0,OAS1_0207,2,183,2
Non Demented,0,OAS1_0208,2,183,2
Non Demented,0,OAS1_0209,2,244,2
Non Demented,0,OAS1_0211,2,244,2
Non Demented,0,OAS1_0212,2,244,2
Non Demented,0,OAS1_0213,1,244,1
Non Demented,0,OAS1_0214,2,183,2
Non Demented,0,OAS1_0216,1,244,1
Non Demented,0,OAS1_0218,1,244,1
Non Demented,0,OAS1_0220,2,244,2
Non Demented,0,OAS1_0221,1,244,1
Non Demented,0,OAS1_0222,2,244,2
Non Demented,0,OAS1_0224,2,244,2
Non Demented,0,OAS1_0227,2,244,2
Non Demented,0,OAS1_0228,2,244,2
Non Demented,0,OAS1_0229,2,244,2
Non Demented,0,OAS1_0230,2,488,2
Non Demented,0,OAS1_0231,2,244,2
Non Demented,0,OAS1_0232,2,244,2
Non Demented,0,OAS1_0234,2,244,2
Non Demented,0,OAS1_0235,2,183,2
Non Demented,0,OAS1_0236,1,488,1
Non Demented,0,OAS1_0237,2,244,2
Non Demented,0,OAS1_0239,2,488,2
Non Demented,0,OAS1_0241,2,244,2
Non Demented,0,OAS1_0244,2,244,2
Non Demented,0,OAS1_0246,2,244,2
Non Demented,0,OAS1_0249,2,488,2
Non Demented,0,OAS1_0250,2,183,2
Non Demented,0,OAS1_0253,2,244,2
Non Demented,0,OAS1_0254,2,366,2
Non Demented,0,OAS1_0255,2,244,2
Non Demented,0,OAS1_0256,2,244,2
Non Demented,0,OAS1_0258,2,183,2
Non Demented,0,OAS1_0259,2,244,2
Non Demented,0,OAS1_0260,2,244,2
Non Demented,0,OAS1_0261,2,244,2
Non Demented,0,OAS1_0262,2,244,2
Non Demented,0,OAS1_0264,2,244,2
Non Demented,0,OAS1_0265,1,244,1
Non Demented,0,OAS1_0266,2,244,2
Non Demented,0,OAS1_0270,1,244,1
Non Demented,0,OAS1_0271,2,244,2
Non Demented,0,OAS1_0274,2,244,2
Non Demented,0,OAS1_0275,2,244,2
Non Demented,0,OAS1_0277,2,244,2
Non Demented,0,OAS1_0279,2,244,2
Non Demented,0,OAS1_0280,2,244,2
Non Demented,0,OAS1_0281,1,244,1
Non Demented,0,OAS1_0282,2,244,2
Non Demented,0,OAS1_0283,1,244,1
Non Demented,0,OAS1_0284,2,244,2
Non Demented,0,OAS1_0285,2,488,2
Non Demented,0,OAS1_0289,2,244,2
Non Demented,0,OAS1_0292,2,244,2
Non Demented,0,OAS1_0293,1,244,1
Non Demented,0,OAS1_0294,2,183,2
Non Demented,0,OAS1_0295,2,183,2
Non Demented,0,OAS1_0296,2,244,2
Non Demented,0,OAS1_0299,1,244,1
Non Demented,0,OAS1_0301,2,244,2
Non Demented,0,OAS1_0302,2,244,2
Non Demented,0,OAS1_0303,2,244,2
Non Demented,0,OAS1_0305,2,244,2
Non Demented,0,OAS1_0309,2,244,2
Non Demented,0,OAS1_0310,2,244,2
Non Demented,0,OAS1_0311,2,244,2
Non Demented,0,OAS1_0313,2,244,2
Non Demented,0,OAS1_0314,2,244,2
Non Demented,0,OAS1_0317,2,244,2
Non Demented,0,OAS1_0318,2,183,2
Non Demented,0,OAS1_0319,2,244,2
Non Demented,0,OAS1_0321,1,244,1
Non Demented,0,OAS1_0322,2,244,2
Non Demented,0,OAS1_0323,2,244,2
Non Demented,0,OAS1_0325,2,183,2
Non Demented,0,OAS1_0326,2,244,2
Non Demented,0,OAS1_0327,2,244,2
Non Demented,0,OAS1_0328,2,244,2
Non Demented,0,OAS1_0330,2,244,2
Non Demented,0,OAS1_0331,2,244,2
Non Demented,0,OAS1_0332,2,244,2
Non Demented,0,OAS1_0333,2,244,2
Non Demented,0,OAS1_0336,2,244,2
Non Demented,0,OAS1_0337,2,183,2
Non Demented,0,OAS1_0338,2,244,2
Non Demented,0,OAS1_0340,2,244,2
Non Demented,0,OAS1_0341,2,244,2
Non Demented,0,OAS1_0342,2,244,2
Non Demented,0,OAS1_0343,2,244,2
Non Demented,0,OAS1_0344,2,244,2
Non Demented,0,OAS1_0345,2,244,2
Non Demented,0,OAS1_0346,2,244,2
Non Demented,0,OAS1_0348,2,244,2
Non Demented,0,OAS1_0349,1,244,1
Non Demented,0,OAS1_0350,2,244,2
Non Demented,0,OAS1_0353,2,488,2
Non Demented,0,OAS1_0354,2,244,2
Non Demented,0,OAS1_0355,2,244,2
Non Demented,0,OAS1_0356,2,244,2
Non Demented,0,OAS1_0357,2,244,2
Non Demented,0,OAS1_0358,2,244,2
Non Demented,0,OAS1_0359,2,244,2
Non Demented,0,OAS1_0361,2,244,2
Non Demented,0,OAS1_0363,1,244,1
Non Demented,0,OAS1_0365,2,244,2
Non Demented,0,OAS1_0366,2,244,2
Non Demented,0,OAS1_0367,2,244,2
Non Demented,0,OAS1_0368,2,488,2
Non Demented,0,OAS1_0369,2,244,2
Non Demented,0,OAS1_0370,2,183,2
Non Demented,0,OAS1_0371,2,244,2
Non Demented,0,OAS1_0372,2,183,2
Non Demented,0,OAS1_0375,2,244,2
Non Demented,0,OAS1_0376,2,244,2
Non Demented,0,OAS1_0377,2,244,2
Non Demented,0,OAS1_0378,2,244,2
Non Demented,0,OAS1_0379,1,488,1
Non Demented,0,OAS1_0381,2,244,2
Very Mild Demented,1,OAS1_0003,8,244,8
Very Mild Demented,1,OAS1_0015,9,183,9
Very Mild Demented,1,OAS1_0016,9,183,9
Very Mild Demented,1,OAS1_0021,9,244,9
Very Mild Demented,1,OAS1_0022,9,244,9
Very Mild Demented,1,OAS1_0023,9,244,9
Very Mild Demented,1,OAS1_0039,9,183,9
Very Mild Demented,1,OAS1_0041,9,244,9
Very Mild Demented,1,OAS1_0042,9,244,9
Very Mild Demented,1,OAS1_0046,9,244,9
Very Mild Demented,1,OAS1_0060,8,244,8
Very Mild Demented,1,OAS1_0066,8,244,8
Very Mild Demented,1,OAS1_0082,9,244,9
Very Mild Demented,1,OAS1_0084,9,244,9
Very Mild Demented,1,OAS1_0094,9,244,9
Very Mild Demented,1,OAS1_0098,8,244,8
Very Mild Demented,1,OAS1_0115,9,244,9
Very Mild Demented,1,OAS1_0120,9,244,9
Very Mild Demented,1,OAS1_0123,8,244,8
Very Mild Demented,1,OAS1_0124,8,244,8
Very Mild Demented,1,OAS1_0142,9,244,9
Very Mild Demented,1,OAS1_0143,9,244,9
Very Mild Demented,1,OAS1_0155,9,244,9
Very Mild Demented,1,OAS1_0158,9,244,9
Very Mild Demented,1,OAS1_0161,8,244,8
Very Mild Demented,1,OAS1_0164,8,244,8
Very Mild Demented,1,OAS1_0166,8,244,8
Very Mild Demented,1,OAS1_0179,8,244,8
Very Mild Demented,1,OAS1_0205,9,244,9
Very Mild Demented,1,OAS1_0210,9,244,9
Very Mild Demented,1,OAS1_0217,9,244,9
Very Mild Demented,1,OAS1_0226,9,244,9
Very Mild Demented,1,OAS1_0233,8,244,8
Very Mild Demented,1,OAS1_0238,8,244,8
Very Mild Demented,1,OAS1_0240,9,183,9
Very Mild Demented,1,OAS1_0243,9,244,9
Very Mild Demented,1,OAS1_0247,8,244,8
Very Mild Demented,1,OAS1_0263,9,244,9
Very Mild Demented,1,OAS1_0267,8,183,8
Very Mild Demented,1,OAS1_0272,9,244,9
Very Mild Demented,1,OAS1_0273,8,183,8
Very Mild Demented,1,OAS1_0286,9,244,9
Very Mild Demented,1,OAS1_0287,8,244,8
Very Mild Demented,1,OAS1_0288,9,244,9
Very Mild Demented,1,OAS1_0290,8,244,8
Very Mild Demented,1,OAS1_0298,8,244,8
Very Mild Demented,1,OAS1_0300,8,244,8
Very Mild Demented,1,OAS1_0304,9,244,9
Very Mild Demented,1,OAS1_0307,9,244,9
Very Mild Demented,1,OAS1_0312,9,244,9
Very Mild Demented,1,OAS1_0315,9,244,9
Very Mild Demented,1,OAS1_0329,8,244,8
Very Mild Demented,1,OAS1_0335,8,244,8
Very Mild Demented,1,OAS1_0339,9,244,9
Very Mild Demented,1,OAS1_0352,8,183,8
Very Mild Demented,1,OAS1_0362,9,244,9
Very Mild Demented,1,OAS1_0374,9,244,9
Very Mild Demented,1,OAS1_0380,9,244,9
Mild Demented,2,OAS1_0028,24,244,24
Mild Demented,2,OAS1_0031,23,244,23
Mild Demented,2,OAS1_0035,24,244,24
Mild Demented,2,OAS1_0052,24,244,24
Mild Demented,2,OAS1_0053,24,244,24
Mild Demented,2,OAS1_0056,24,244,24
Mild Demented,2,OAS1_0067,24,183,24
Mild Demented,2,OAS1_0073,24,244,24
Mild Demented,2,OAS1_0122,23,244,23
Mild Demented,2,OAS1_0134,24,244,24
Mild Demented,2,OAS1_0137,23,244,23
Mild Demented,2,OAS1_0184,24,244,24
Mild Demented,2,OAS1_0185,24,244,24
Mild Demented,2,OAS1_0223,24,183,24
Mild Demented,2,OAS1_0268,24,244,24
Mild Demented,2,OAS1_0269,24,244,24
Mild Demented,2,OAS1_0278,24,244,24
Mild Demented,2,OAS1_0291,24,244,24
Mild Demented,2,OAS1_0316,23,244,23
Mild Demented,2,OAS1_0373,24,244,24
Mild Demented,2,OAS1_0382,24,244,24
Moderate Demented,3,OAS1_0308,244,244,244
Moderate Demented,3,OAS1_0351,244,244,244
