class_name,session,scan,selected_count
Non Demented,MR1,mpr-1,116
Non Demented,MR1,mpr-2,116
Non Demented,MR1,mpr-3,115
Non Demented,MR1,mpr-4,115
Non Demented,MR1,mpr-5,1
Non Demented,MR1,mpr-6,1
Non Demented,MR2,mpr-1,9
Non Demented,MR2,mpr-2,9
Non Demented,MR2,mpr-3,9
Non Demented,MR2,mpr-4,9
Very Mild Demented,MR1,mpr-1,125
Very Mild Demented,MR1,mpr-2,125
Very Mild Demented,MR1,mpr-3,125
Very Mild Demented,MR1,mpr-4,125
Mild Demented,MR1,mpr-1,129
Mild Demented,MR1,mpr-2,129
Mild Demented,MR1,mpr-3,129
Mild Demented,MR1,mpr-4,113
Moderate Demented,MR1,mpr-1,122
Moderate Demented,MR1,mpr-2,122
Moderate Demented,MR1,mpr-3,122
Moderate Demented,MR1,mpr-4,122
