dataset,scope,n_images,n_pairs,mean_distance,median_distance,nn_mean,nn_median,nn_min,pairs_le2,frac_le2,same_subject_pairs_le2,pairs_le4,frac_le4,same_subject_pairs_le4,pairs_le6,frac_le6,same_subject_pairs_le6,bin_0-2,bin_3-4,bin_5-6,bin_7-8,bin_9-10,bin_11-15,bin_16+,adjacent_same_scan_pairs,adjacent_same_scan_pairs_le4
candidate_pool,ALL,1988,1975078,9.555560337363891,9.0,1.0543259557344065,1.0,0,22461,0.011372209097564754,5228,125432,0.06350736527873836,13622,415955,0.21060180914374016,26367,22461,102971,290523,455770,393074,587167,123112,480,476
final_400,ALL,400,79800,11.243408521303259,11.0,3.335,3.0,0,209,0.002619047619047619,97,1712,0.021453634085213034,418,7280,0.0912280701754386,894,209,1503,5568,12331,16492,33282,10415,0,0
candidate_pool,Non Demented,500,124750,8.889018036072144,8.0,1.598,1.0,0,3563,0.02856112224448898,111,15487,0.1241442885771543,167,37230,0.298436873747495,191,3563,11924,21743,26893,22394,31180,7053,0,0
final_400,Non Demented,100,4950,11.936969696969697,12.0,5.21,5.0,3,0,0.0,0,54,0.01090909090909091,0,298,0.0602020202020202,0,0,54,244,600,980,2214,858,0,0
candidate_pool,Very Mild Demented,500,124750,9.543783567134268,9.0,1.564,1.0,0,1176,0.00942685370741483,373,6605,0.05294589178356714,688,24392,0.19552705410821644,1071,1176,5429,17787,30464,26448,36348,7098,0,0
final_400,Very Mild Demented,100,4950,11.329494949494949,11.0,5.23,5.0,2,1,0.00020202020202020202,0,69,0.013939393939393939,2,393,0.07939393939393939,8,1,68,324,795,1082,2013,667,0,0
candidate_pool,Mild Demented,500,124750,10.269811623246493,10.0,1.238,1.0,0,1510,0.012104208416833667,633,7205,0.05775551102204409,1479,21554,0.17277755511022044,2524,1510,5695,14349,21327,25794,44951,11124,0,0
final_400,Mild Demented,100,4950,11.574949494949495,12.0,4.81,5.0,1,4,0.0008080808080808081,2,75,0.015151515151515152,17,369,0.07454545454545454,55,4,71,294,592,1057,2241,691,0,0
candidate_pool,Moderate Demented,488,118828,8.225637055239506,8.0,0.42008196721311475,0.0,0,4416,0.037162958225334095,4111,14641,0.123211700945905,11288,37278,0.3137139394755445,22581,4416,10225,22637,30674,22973,26428,1475,480,476
final_400,Moderate Demented,100,4950,8.939595959595959,9.0,2.3,2.0,0,98,0.019797979797979797,95,463,0.09353535353535354,399,1195,0.24141414141414141,831,98,365,732,1131,1086,1448,90,0,0
