class_name,subject_id,final_count,pool_count
Mild Demented,OAS1_0028,6,24
Mild Demented,OAS1_0031,4,23
Mild Demented,OAS1_0035,5,24
Mild Demented,OAS1_0052,6,24
Mild Demented,OAS1_0053,6,24
Mild Demented,OAS1_0056,4,24
Mild Demented,OAS1_0067,5,24
Mild Demented,OAS1_0073,5,24
Mild Demented,OAS1_0122,4,23
Mild Demented,OAS1_0134,6,24
Mild Demented,OAS1_0137,4,23
Mild Demented,OAS1_0184,5,24
Mild Demented,OAS1_0185,5,24
Mild Demented,OAS1_0223,6,24
Mild Demented,OAS1_0268,5,24
Mild Demented,OAS1_0269,4,24
Mild Demented,OAS1_0278,5,24
Mild Demented,OAS1_0291,4,24
Mild Demented,OAS1_0316,3,23
Mild Demented,OAS1_0373,4,24
Mild Demented,OAS1_0382,4,24
Moderate Demented,OAS1_0308,40,244
Moderate Demented,OAS1_0351,60,244
Non Demented,OAS1_0001,1,2
Non Demented,OAS1_0002,0,2
Non Demented,OAS1_0004,0,2
Non Demented,OAS1_0005,0,2
Non Demented,OAS1_0006,0,2
Non Demented,OAS1_0007,0,2
Non Demented,OAS1_0009,1,2
Non Demented,OAS1_0010,1,2
Non Demented,OAS1_0011,0,2
Non Demented,OAS1_0012,0,2
Non Demented,OAS1_0013,0,2
Non Demented,OAS1_0014,0,2
Non Demented,OAS1_0017,1,2
Non Demented,OAS1_0018,1,2
Non Demented,OAS1_0019,1,2
Non Demented,OAS1_0020,0,1
Non Demented,OAS1_0025,0,2
Non Demented,OAS1_0026,0,2
Non Demented,OAS1_0027,0,2
Non Demented,OAS1_0029,0,2
Non Demented,OAS1_0030,0,2
Non Demented,OAS1_0032,0,1
Non Demented,OAS1_0033,0,2
Non Demented,OAS1_0034,0,2
Non Demented,OAS1_0037,1,2
Non Demented,OAS1_0038,0,2
Non Demented,OAS1_0040,1,2
Non Demented,OAS1_0043,1,2
Non Demented,OAS1_0044,0,2
Non Demented,OAS1_0045,0,2
Non Demented,OAS1_0047,1,2
Non Demented,OAS1_0049,0,2
Non Demented,OAS1_0050,0,2
Non Demented,OAS1_0051,1,2
Non Demented,OAS1_0054,0,2
Non Demented,OAS1_0055,0,2
Non Demented,OAS1_0057,0,1
Non Demented,OAS1_0058,0,2
Non Demented,OAS1_0059,0,2
Non Demented,OAS1_0061,1,2
Non Demented,OAS1_0062,0,1
Non Demented,OAS1_0063,1,2
Non Demented,OAS1_0064,1,2
Non Demented,OAS1_0065,0,2
Non Demented,OAS1_0068,0,2
Non Demented,OAS1_0069,1,2
Non Demented,OAS1_0070,0,1
Non Demented,OAS1_0071,0,2
Non Demented,OAS1_0072,0,2
Non Demented,OAS1_0074,0,2
Non Demented,OAS1_0075,1,2
Non Demented,OAS1_0076,1,2
Non Demented,OAS1_0077,0,2
Non Demented,OAS1_0078,1,2
Non Demented,OAS1_0079,0,1
Non Demented,OAS1_0080,0,2
Non Demented,OAS1_0081,0,1
Non Demented,OAS1_0083,0,2
Non Demented,OAS1_0085,0,2
Non Demented,OAS1_0086,0,2
Non Demented,OAS1_0087,0,2
Non Demented,OAS1_0088,0,2
Non Demented,OAS1_0090,1,2
Non Demented,OAS1_0091,0,2
Non Demented,OAS1_0092,1,2
Non Demented,OAS1_0095,0,2
Non Demented,OAS1_0096,0,2
Non Demented,OAS1_0097,0,2
Non Demented,OAS1_0099,0,2
Non Demented,OAS1_0101,0,2
Non Demented,OAS1_0102,0,2
Non Demented,OAS1_0103,0,2
Non Demented,OAS1_0104,0,2
Non Demented,OAS1_0105,0,1
Non Demented,OAS1_0106,0,2
Non Demented,OAS1_0107,1,2
Non Demented,OAS1_0108,0,2
Non Demented,OAS1_0109,0,1
Non Demented,OAS1_0110,0,2
Non Demented,OAS1_0111,0,2
Non Demented,OAS1_0112,0,1
Non Demented,OAS1_0113,1,2
Non Demented,OAS1_0114,1,2
Non Demented,OAS1_0116,0,2
Non Demented,OAS1_0117,1,2
Non Demented,OAS1_0119,1,2
Non Demented,OAS1_0121,1,2
Non Demented,OAS1_0125,0,2
Non Demented,OAS1_0126,0,2
Non Demented,OAS1_0127,0,2
Non Demented,OAS1_0129,0,2
Non Demented,OAS1_0130,1,2
Non Demented,OAS1_0131,0,2
Non Demented,OAS1_0132,0,2
Non Demented,OAS1_0133,0,2
Non Demented,OAS1_0135,1,2
Non Demented,OAS1_0136,0,1
Non Demented,OAS1_0138,0,1
Non Demented,OAS1_0139,1,2
Non Demented,OAS1_0140,0,2
Non Demented,OAS1_0141,0,2
Non Demented,OAS1_0144,0,2
Non Demented,OAS1_0145,1,2
Non Demented,OAS1_0146,1,2
Non Demented,OAS1_0147,0,2
Non Demented,OAS1_0148,0,2
Non Demented,OAS1_0150,0,2
Non Demented,OAS1_0151,1,2
Non Demented,OAS1_0152,0,2
Non Demented,OAS1_0153,0,1
Non Demented,OAS1_0156,0,2
Non Demented,OAS1_0157,1,2
Non Demented,OAS1_0159,0,2
Non Demented,OAS1_0160,1,2
Non Demented,OAS1_0162,1,2
Non Demented,OAS1_0163,0,2
Non Demented,OAS1_0165,0,2
Non Demented,OAS1_0167,1,2
Non Demented,OAS1_0168,0,2
Non Demented,OAS1_0169,0,1
Non Demented,OAS1_0170,1,2
Non Demented,OAS1_0173,1,1
Non Demented,OAS1_0174,0,1
Non Demented,OAS1_0176,1,2
Non Demented,OAS1_0177,0,1
Non Demented,OAS1_0178,1,2
Non Demented,OAS1_0180,1,2
Non Demented,OAS1_0181,0,2
Non Demented,OAS1_0182,1,2
Non Demented,OAS1_0183,1,2
Non Demented,OAS1_0186,0,2
Non Demented,OAS1_0188,0,2
Non Demented,OAS1_0189,1,2
Non Demented,OAS1_0190,1,2
Non Demented,OAS1_0191,1,2
Non Demented,OAS1_0192,0,2
Non Demented,OAS1_0193,0,2
Non Demented,OAS1_0195,0,2
Non Demented,OAS1_0197,1,2
Non Demented,OAS1_0198,1,2
Non Demented,OAS1_0199,1,2
Non Demented,OAS1_0200,0,2
Non Demented,OAS1_0201,1,2
Non Demented,OAS1_0202,0,2
Non Demented,OAS1_0203,1,2
Non Demented,OAS1_0204,1,2
Non Demented,OAS1_0206,1,2
Non Demented,OAS1_0207,0,2
Non Demented,OAS1_0208,0,2
Non Demented,OAS1_0209,0,2
Non Demented,OAS1_0211,1,2
Non Demented,OAS1_0212,0,2
Non Demented,OAS1_0213,0,1
Non Demented,OAS1_0214,1,2
Non Demented,OAS1_0216,0,1
Non Demented,OAS1_0218,0,1
Non Demented,OAS1_0220,0,2
Non Demented,OAS1_0221,0,1
Non Demented,OAS1_0222,1,2
Non Demented,OAS1_0224,0,2
Non Demented,OAS1_0227,0,2
Non Demented,OAS1_0228,0,2
Non Demented,OAS1_0229,0,2
Non Demented,OAS1_0230,0,2
Non Demented,OAS1_0231,0,2
Non Demented,OAS1_0232,0,2
Non Demented,OAS1_0234,1,2
Non Demented,OAS1_0235,1,2
Non Demented,OAS1_0236,0,1
Non Demented,OAS1_0237,0,2
Non Demented,OAS1_0239,0,2
Non Demented,OAS1_0241,0,2
Non Demented,OAS1_0244,0,2
Non Demented,OAS1_0246,0,2
Non Demented,OAS1_0249,0,2
Non Demented,OAS1_0250,0,2
Non Demented,OAS1_0253,1,2
Non Demented,OAS1_0254,1,2
Non Demented,OAS1_0255,0,2
Non Demented,OAS1_0256,1,2
Non Demented,OAS1_0258,0,2
Non Demented,OAS1_0259,0,2
Non Demented,OAS1_0260,1,2
Non Demented,OAS1_0261,1,2
Non Demented,OAS1_0262,1,2
Non Demented,OAS1_0264,1,2
Non Demented,OAS1_0265,0,1
Non Demented,OAS1_0266,1,2
Non Demented,OAS1_0270,0,1
Non Demented,OAS1_0271,1,2
Non Demented,OAS1_0274,0,2
Non Demented,OAS1_0275,0,2
Non Demented,OAS1_0277,1,2
Non Demented,OAS1_0279,1,2
Non Demented,OAS1_0280,0,2
Non Demented,OAS1_0281,0,1
Non Demented,OAS1_0282,0,2
Non Demented,OAS1_0283,1,1
Non Demented,OAS1_0284,1,2
Non Demented,OAS1_0285,1,2
Non Demented,OAS1_0289,0,2
Non Demented,OAS1_0292,0,2
Non Demented,OAS1_0293,0,1
Non Demented,OAS1_0294,0,2
Non Demented,OAS1_0295,0,2
Non Demented,OAS1_0296,1,2
Non Demented,OAS1_0299,0,1
Non Demented,OAS1_0301,1,2
Non Demented,OAS1_0302,0,2
Non Demented,OAS1_0303,0,2
Non Demented,OAS1_0305,0,2
Non Demented,OAS1_0309,0,2
Non Demented,OAS1_0310,1,2
Non Demented,OAS1_0311,0,2
Non Demented,OAS1_0313,0,2
Non Demented,OAS1_0314,1,2
Non Demented,OAS1_0317,1,2
Non Demented,OAS1_0318,0,2
Non Demented,OAS1_0319,1,2
Non Demented,OAS1_0321,0,1
Non Demented,OAS1_0322,0,2
Non Demented,OAS1_0323,0,2
Non Demented,OAS1_0325,0,2
Non Demented,OAS1_0326,1,2
Non Demented,OAS1_0327,1,2
Non Demented,OAS1_0328,0,2
Non Demented,OAS1_0330,1,2
Non Demented,OAS1_0331,1,2
Non Demented,OAS1_0332,0,2
Non Demented,OAS1_0333,0,2
Non Demented,OAS1_0336,0,2
Non Demented,OAS1_0337,0,2
Non Demented,OAS1_0338,1,2
Non Demented,OAS1_0340,0,2
Non Demented,OAS1_0341,0,2
Non Demented,OAS1_0342,1,2
Non Demented,OAS1_0343,0,2
Non Demented,OAS1_0344,0,2
Non Demented,OAS1_0345,0,2
Non Demented,OAS1_0346,1,2
Non Demented,OAS1_0348,0,2
Non Demented,OAS1_0349,0,1
Non Demented,OAS1_0350,1,2
Non Demented,OAS1_0353,0,2
Non Demented,OAS1_0354,1,2
Non Demented,OAS1_0355,1,2
Non Demented,OAS1_0356,0,2
Non Demented,OAS1_0357,0,2
Non Demented,OAS1_0358,1,2
Non Demented,OAS1_0359,1,2
Non Demented,OAS1_0361,0,2
Non Demented,OAS1_0363,0,1
Non Demented,OAS1_0365,1,2
Non Demented,OAS1_0366,1,2
Non Demented,OAS1_0367,0,2
Non Demented,OAS1_0368,1,2
Non Demented,OAS1_0369,1,2
Non Demented,OAS1_0370,0,2
Non Demented,OAS1_0371,1,2
Non Demented,OAS1_0372,1,2
Non Demented,OAS1_0375,1,2
Non Demented,OAS1_0376,0,2
Non Demented,OAS1_0377,1,2
Non Demented,OAS1_0378,1,2
Non Demented,OAS1_0379,0,1
Non Demented,OAS1_0381,1,2
Very Mild Demented,OAS1_0003,1,8
Very Mild Demented,OAS1_0015,2,9
Very Mild Demented,OAS1_0016,1,9
Very Mild Demented,OAS1_0021,2,9
Very Mild Demented,OAS1_0022,2,9
Very Mild Demented,OAS1_0023,2,9
Very Mild Demented,OAS1_0039,2,9
Very Mild Demented,OAS1_0041,1,9
Very Mild Demented,OAS1_0042,2,9
Very Mild Demented,OAS1_0046,2,9
Very Mild Demented,OAS1_0060,1,8
Very Mild Demented,OAS1_0066,1,8
Very Mild Demented,OAS1_0082,2,9
Very Mild Demented,OAS1_0084,2,9
Very Mild Demented,OAS1_0094,2,9
Very Mild Demented,OAS1_0098,2,8
Very Mild Demented,OAS1_0115,2,9
Very Mild Demented,OAS1_0120,2,9
Very Mild Demented,OAS1_0123,1,8
Very Mild Demented,OAS1_0124,2,8
Very Mild Demented,OAS1_0142,2,9
Very Mild Demented,OAS1_0143,2,9
Very Mild Demented,OAS1_0155,2,9
Very Mild Demented,OAS1_0158,2,9
Very Mild Demented,OAS1_0161,1,8
Very Mild Demented,OAS1_0164,1,8
Very Mild Demented,OAS1_0166,2,8
Very Mild Demented,OAS1_0179,1,8
Very Mild Demented,OAS1_0205,2,9
Very Mild Demented,OAS1_0210,2,9
Very Mild Demented,OAS1_0217,2,9
Very Mild Demented,OAS1_0226,1,9
Very Mild Demented,OAS1_0233,1,8
Very Mild Demented,OAS1_0238,1,8
Very Mild Demented,OAS1_0240,2,9
Very Mild Demented,OAS1_0243,2,9
Very Mild Demented,OAS1_0247,1,8
Very Mild Demented,OAS1_0263,3,9
Very Mild Demented,OAS1_0267,1,8
Very Mild Demented,OAS1_0272,2,9
Very Mild Demented,OAS1_0273,2,8
Very Mild Demented,OAS1_0286,2,9
Very Mild Demented,OAS1_0287,1,8
Very Mild Demented,OAS1_0288,2,9
Very Mild Demented,OAS1_0290,2,8
Very Mild Demented,OAS1_0298,1,8
Very Mild Demented,OAS1_0300,2,8
Very Mild Demented,OAS1_0304,2,9
Very Mild Demented,OAS1_0307,2,9
Very Mild Demented,OAS1_0312,3,9
Very Mild Demented,OAS1_0315,2,9
Very Mild Demented,OAS1_0329,2,8
Very Mild Demented,OAS1_0335,1,8
Very Mild Demented,OAS1_0339,2,9
Very Mild Demented,OAS1_0352,1,8
Very Mild Demented,OAS1_0362,2,9
Very Mild Demented,OAS1_0374,2,9
Very Mild Demented,OAS1_0380,2,9
